-- MySQL dump 10.13  Distrib 8.0.26, for Win64 (x86_64)
--
-- Host: 127.0.0.1    Database: thecoffeeshop
-- ------------------------------------------------------
-- Server version	8.0.12

/*!40101 SET @OLD_CHARACTER_SET_CLIENT=@@CHARACTER_SET_CLIENT */;
/*!40101 SET @OLD_CHARACTER_SET_RESULTS=@@CHARACTER_SET_RESULTS */;
/*!40101 SET @OLD_COLLATION_CONNECTION=@@COLLATION_CONNECTION */;
/*!50503 SET NAMES utf8 */;
/*!40103 SET @OLD_TIME_ZONE=@@TIME_ZONE */;
/*!40103 SET TIME_ZONE='+00:00' */;
/*!40014 SET @OLD_UNIQUE_CHECKS=@@UNIQUE_CHECKS, UNIQUE_CHECKS=0 */;
/*!40014 SET @OLD_FOREIGN_KEY_CHECKS=@@FOREIGN_KEY_CHECKS, FOREIGN_KEY_CHECKS=0 */;
/*!40101 SET @OLD_SQL_MODE=@@SQL_MODE, SQL_MODE='NO_AUTO_VALUE_ON_ZERO' */;
/*!40111 SET @OLD_SQL_NOTES=@@SQL_NOTES, SQL_NOTES=0 */;

--
-- Table structure for table `city`
--

DROP TABLE IF EXISTS `city`;
/*!40101 SET @saved_cs_client     = @@character_set_client */;
/*!50503 SET character_set_client = utf8mb4 */;
CREATE TABLE `city` (
  `city_id` bigint(20) NOT NULL,
  `name` varchar(255) DEFAULT NULL,
  `country_id` bigint(20) DEFAULT NULL,
  PRIMARY KEY (`city_id`),
  KEY `FKrpd7j1p7yxr784adkx4pyepba` (`country_id`),
  CONSTRAINT `FKrpd7j1p7yxr784adkx4pyepba` FOREIGN KEY (`country_id`) REFERENCES `country` (`country_id`)
) ENGINE=InnoDB DEFAULT CHARSET=utf8mb4 COLLATE=utf8mb4_0900_ai_ci;
/*!40101 SET character_set_client = @saved_cs_client */;

--
-- Dumping data for table `city`
--

LOCK TABLES `city` WRITE;
/*!40000 ALTER TABLE `city` DISABLE KEYS */;
INSERT INTO `city` VALUES (1,'New York',1),(2,'London',2),(3,'Toronto',3);
/*!40000 ALTER TABLE `city` ENABLE KEYS */;
UNLOCK TABLES;

--
-- Table structure for table `coffee_shop`
--

DROP TABLE IF EXISTS `coffee_shop`;
/*!40101 SET @saved_cs_client     = @@character_set_client */;
/*!50503 SET character_set_client = utf8mb4 */;
CREATE TABLE `coffee_shop` (
  `coffee_shop_id` bigint(20) NOT NULL,
  `coffee_shop_address` varchar(255) DEFAULT NULL,
  `coffee_shop_name` varchar(255) DEFAULT NULL,
  `licence_number` int(11) DEFAULT NULL,
  `coffee_shop_logo` varchar(255) DEFAULT NULL,
  `city_id` bigint(20) DEFAULT NULL,
  PRIMARY KEY (`coffee_shop_id`),
  KEY `FKj5aehdu9fi5wkw396xx3g52qj` (`city_id`),
  CONSTRAINT `FKj5aehdu9fi5wkw396xx3g52qj` FOREIGN KEY (`city_id`) REFERENCES `city` (`city_id`)
) ENGINE=InnoDB DEFAULT CHARSET=utf8mb4 COLLATE=utf8mb4_0900_ai_ci;
/*!40101 SET character_set_client = @saved_cs_client */;

--
-- Dumping data for table `coffee_shop`
--

LOCK TABLES `coffee_shop` WRITE;
/*!40000 ALTER TABLE `coffee_shop` DISABLE KEYS */;
INSERT INTO `coffee_shop` VALUES (1,'123 Main St','Coffee House',12345,'logo1.png',1),(2,'456 High St','Cafe Central',54321,'logo2.png',2),(3,'789 Market St','Espresso Bar',98765,'logo3.png',3);
/*!40000 ALTER TABLE `coffee_shop` ENABLE KEYS */;
UNLOCK TABLES;

--
-- Table structure for table `country`
--

DROP TABLE IF EXISTS `country`;
/*!40101 SET @saved_cs_client     = @@character_set_client */;
/*!50503 SET character_set_client = utf8mb4 */;
CREATE TABLE `country` (
  `country_id` bigint(20) NOT NULL,
  `name` varchar(255) DEFAULT NULL,
  PRIMARY KEY (`country_id`)
) ENGINE=InnoDB DEFAULT CHARSET=utf8mb4 COLLATE=utf8mb4_0900_ai_ci;
/*!40101 SET character_set_client = @saved_cs_client */;

--
-- Dumping data for table `country`
--

LOCK TABLES `country` WRITE;
/*!40000 ALTER TABLE `country` DISABLE KEYS */;
INSERT INTO `country` VALUES (1,'United States'),(2,'United Kingdom'),(3,'Canada');
/*!40000 ALTER TABLE `country` ENABLE KEYS */;
UNLOCK TABLES;

--
-- Table structure for table `hibernate_sequence`
--

DROP TABLE IF EXISTS `hibernate_sequence`;
/*!40101 SET @saved_cs_client     = @@character_set_client */;
/*!50503 SET character_set_client = utf8mb4 */;
CREATE TABLE `hibernate_sequence` (
  `next_val` bigint(20) DEFAULT NULL
) ENGINE=InnoDB DEFAULT CHARSET=utf8mb4 COLLATE=utf8mb4_0900_ai_ci;
/*!40101 SET character_set_client = @saved_cs_client */;

--
-- Dumping data for table `hibernate_sequence`
--

LOCK TABLES `hibernate_sequence` WRITE;
/*!40000 ALTER TABLE `hibernate_sequence` DISABLE KEYS */;
INSERT INTO `hibernate_sequence` VALUES (1);
/*!40000 ALTER TABLE `hibernate_sequence` ENABLE KEYS */;
UNLOCK TABLES;

--
-- Table structure for table `image_coffee_shop`
--

DROP TABLE IF EXISTS `image_coffee_shop`;
/*!40101 SET @saved_cs_client     = @@character_set_client */;
/*!50503 SET character_set_client = utf8mb4 */;
CREATE TABLE `image_coffee_shop` (
  `image_coffe_shop_id` bigint(20) NOT NULL,
  `image` varchar(255) DEFAULT NULL,
  `coffee_shop_id` bigint(20) DEFAULT NULL,
  PRIMARY KEY (`image_coffe_shop_id`),
  KEY `FKobf4p2alj8m33exv2tm1yhj8q` (`coffee_shop_id`),
  CONSTRAINT `FKobf4p2alj8m33exv2tm1yhj8q` FOREIGN KEY (`coffee_shop_id`) REFERENCES `coffee_shop` (`coffee_shop_id`)
) ENGINE=InnoDB DEFAULT CHARSET=utf8mb4 COLLATE=utf8mb4_0900_ai_ci;
/*!40101 SET character_set_client = @saved_cs_client */;

--
-- Dumping data for table `image_coffee_shop`
--

LOCK TABLES `image_coffee_shop` WRITE;
/*!40000 ALTER TABLE `image_coffee_shop` DISABLE KEYS */;
INSERT INTO `image_coffee_shop` VALUES (1,'image1.png',1),(2,'image2.png',1),(3,'image3.png',2);
/*!40000 ALTER TABLE `image_coffee_shop` ENABLE KEYS */;
UNLOCK TABLES;

--
-- Table structure for table `menu_category`
--

DROP TABLE IF EXISTS `menu_category`;
/*!40101 SET @saved_cs_client     = @@character_set_client */;
/*!50503 SET character_set_client = utf8mb4 */;
CREATE TABLE `menu_category` (
  `menu_category_id` bigint(20) NOT NULL,
  `name_category` varchar(255) DEFAULT NULL,
  `menu_coffee_shop` bigint(20) DEFAULT NULL,
  PRIMARY KEY (`menu_category_id`),
  KEY `FKoaxlyup4g7yw6c7ggge9ve7xb` (`menu_coffee_shop`),
  CONSTRAINT `FKoaxlyup4g7yw6c7ggge9ve7xb` FOREIGN KEY (`menu_coffee_shop`) REFERENCES `menu_coffee_shop` (`menu_coffee_shop_id`)
) ENGINE=InnoDB DEFAULT CHARSET=utf8mb4 COLLATE=utf8mb4_0900_ai_ci;
/*!40101 SET character_set_client = @saved_cs_client */;

--
-- Dumping data for table `menu_category`
--

LOCK TABLES `menu_category` WRITE;
/*!40000 ALTER TABLE `menu_category` DISABLE KEYS */;
INSERT INTO `menu_category` VALUES (1,'Hot Drinks',1),(2,'Cold Drinks',1),(3,'Snacks',2);
/*!40000 ALTER TABLE `menu_category` ENABLE KEYS */;
UNLOCK TABLES;

--
-- Table structure for table `menu_coffee_shop`
--

DROP TABLE IF EXISTS `menu_coffee_shop`;
/*!40101 SET @saved_cs_client     = @@character_set_client */;
/*!50503 SET character_set_client = utf8mb4 */;
CREATE TABLE `menu_coffee_shop` (
  `menu_coffee_shop_id` bigint(20) NOT NULL,
  `coffee_shop_id` bigint(20) DEFAULT NULL,
  PRIMARY KEY (`menu_coffee_shop_id`),
  KEY `FKhwnef6o1xoy4xgmng6gxrk7st` (`coffee_shop_id`),
  CONSTRAINT `FKhwnef6o1xoy4xgmng6gxrk7st` FOREIGN KEY (`coffee_shop_id`) REFERENCES `coffee_shop` (`coffee_shop_id`)
) ENGINE=InnoDB DEFAULT CHARSET=utf8mb4 COLLATE=utf8mb4_0900_ai_ci;
/*!40101 SET character_set_client = @saved_cs_client */;

--
-- Dumping data for table `menu_coffee_shop`
--

LOCK TABLES `menu_coffee_shop` WRITE;
/*!40000 ALTER TABLE `menu_coffee_shop` DISABLE KEYS */;
INSERT INTO `menu_coffee_shop` VALUES (1,1),(2,2),(3,3);
/*!40000 ALTER TABLE `menu_coffee_shop` ENABLE KEYS */;
UNLOCK TABLES;

--
-- Table structure for table `menu_item`
--

DROP TABLE IF EXISTS `menu_item`;
/*!40101 SET @saved_cs_client     = @@character_set_client */;
/*!50503 SET character_set_client = utf8mb4 */;
CREATE TABLE `menu_item` (
  `menu_item_id` bigint(20) NOT NULL,
  `ingredient` varchar(255) DEFAULT NULL,
  `image_item` blob,
  `name` varchar(255) DEFAULT NULL,
  `menu_category_id` bigint(20) DEFAULT NULL,
  PRIMARY KEY (`menu_item_id`),
  KEY `FK7uppl3oig60osivawt8pml1bu` (`menu_category_id`),
  CONSTRAINT `FK7uppl3oig60osivawt8pml1bu` FOREIGN KEY (`menu_category_id`) REFERENCES `menu_category` (`menu_category_id`)
) ENGINE=InnoDB DEFAULT CHARSET=utf8mb4 COLLATE=utf8mb4_0900_ai_ci;
/*!40101 SET character_set_client = @saved_cs_client */;

--
-- Dumping data for table `menu_item`
--

LOCK TABLES `menu_item` WRITE;
/*!40000 ALTER TABLE `menu_item` DISABLE KEYS */;
INSERT INTO `menu_item` VALUES (1,'Coffee, Milk, Sugar',_binary 'data:image/jpeg;base64,/9j/4AAQSkZJRgABAQEBLAEsAAD/4QB7RXhpZgAASUkqAAgAAAACAA4BAgBFAAAAJgAAAJiCAgAIAAAAawAAAAAAAABBIGZsYXQgd2hpdGUgY29mZmVlIHdpdGggbGVhZiBwYXR0ZXJuIG9uIGdyZXkgYmFja2dyb3VuZC4gTW9yZSBjb2ZmZWVkamd1bm5lcv/hBU9odHRwOi8vbnMuYWRvYmUuY29tL3hhcC8xLjAvADw/eHBhY2tldCBiZWdpbj0i77u/IiBpZD0iVzVNME1wQ2VoaUh6cmVTek5UY3prYzlkIj8+Cjx4OnhtcG1ldGEgeG1sbnM6eD0iYWRvYmU6bnM6bWV0YS8iPgoJPHJkZjpSREYgeG1sbnM6cmRmPSJodHRwOi8vd3d3LnczLm9yZy8xOTk5LzAyLzIyLXJkZi1zeW50YXgtbnMjIj4KCQk8cmRmOkRlc2NyaXB0aW9uIHJkZjphYm91dD0iIiB4bWxuczpwaG90b3Nob3A9Imh0dHA6Ly9ucy5hZG9iZS5jb20vcGhvdG9zaG9wLzEuMC8iIHhtbG5zOklwdGM0eG1wQ29yZT0iaHR0cDovL2lwdGMub3JnL3N0ZC9JcHRjNHhtcENvcmUvMS4wL3htbG5zLyIgICB4bWxuczpHZXR0eUltYWdlc0dJRlQ9Imh0dHA6Ly94bXAuZ2V0dHlpbWFnZXMuY29tL2dpZnQvMS4wLyIgeG1sbnM6ZGM9Imh0dHA6Ly9wdXJsLm9yZy9kYy9lbGVtZW50cy8xLjEvIiB4bWxuczpwbHVzPSJodHRwOi8vbnMudXNlcGx1cy5vcmcvbGRmL3htcC8xLjAvIiAgeG1sbnM6aXB0Y0V4dD0iaHR0cDovL2lwdGMub3JnL3N0ZC9JcHRjNHhtcEV4dC8yMDA4LTAyLTI5LyIgeG1sbnM6eG1wUmlnaHRzPSJodHRwOi8vbnMuYWRvYmUuY29tL3hhcC8xLjAvcmlnaHRzLyIgZGM6UmlnaHRzPSJkamd1bm5lciIgcGhvdG9zaG9wOkNyZWRpdD0iR2V0dHkgSW1hZ2VzIiBHZXR0eUltYWdlc0dJRlQ6QXNzZXRJRD0iMTgzMTM4MDM1IiB4bXBSaWdodHM6V2ViU3RhdGVtZW50PSJodHRwczovL3d3dy5nZXR0eWltYWdlcy5jb20vZXVsYT91dG1fbWVkaXVtPW9yZ2FuaWMmYW1wO3V0bV9zb3VyY2U9Z29vZ2xlJmFtcDt1dG1fY2FtcGFpZ249aXB0Y3VybCIgPgo8ZGM6Y3JlYXRvcj48cmRmOlNlcT48cmRmOmxpPmRqZ3VubmVyPC9yZGY6bGk+PC9yZGY6U2VxPjwvZGM6Y3JlYXRvcj48ZGM6ZGVzY3JpcHRpb24+PHJkZjpBbHQ+PHJkZjpsaSB4bWw6bGFuZz0ieC1kZWZhdWx0Ij5BIGZsYXQgd2hpdGUgY29mZmVlIHdpdGggbGVhZiBwYXR0ZXJuIG9uIGdyZXkgYmFja2dyb3VuZC4gTW9yZSBjb2ZmZWU8L3JkZjpsaT48L3JkZjpBbHQ+PC9kYzpkZXNjcmlwdGlvbj4KPHBsdXM6TGljZW5zb3I+PHJkZjpTZXE+PHJkZjpsaSByZGY6cGFyc2VUeXBlPSdSZXNvdXJjZSc+PHBsdXM6TGljZW5zb3JVUkw+aHR0cHM6Ly93d3cuZ2V0dHlpbWFnZXMuY29tL2RldGFpbC8xODMxMzgwMzU/dXRtX21lZGl1bT1vcmdhbmljJmFtcDt1dG1fc291cmNlPWdvb2dsZSZhbXA7dXRtX2NhbXBhaWduPWlwdGN1cmw8L3BsdXM6TGljZW5zb3JVUkw+PC9yZGY6bGk+PC9yZGY6U2VxPjwvcGx1czpMaWNlbnNvcj4KCQk8L3JkZjpEZXNjcmlwdGlvbj4KCTwvcmRmOlJERj4KPC94OnhtcG1ldGE+Cjw/eHBhY2tldCBlbmQ9InciPz4K/+0AklBob3Rvc2hvcCAzLjAAOEJJTQQEAAAAAAB1HAJQAAhkamd1bm5lchwCeABFQSBmbGF0IHdoaXRlIGNvZmZlZSB3aXRoIGxlYWYgcGF0dGVybiBvbiBncmV5IGJhY2tncm91bmQuIE1vcmUgY29mZmVlHAJ0AAhkamd1bm5lchwCbgAMR2V0dHkgSW1hZ2VzAP/bAEMACgcHCAcGCggICAsKCgsOGBAODQ0OHRUWERgjHyUkIh8iISYrNy8mKTQpISIwQTE0OTs+Pj4lLkRJQzxINz0+O//bAEMBCgsLDg0OHBAQHDsoIig7Ozs7Ozs7Ozs7Ozs7Ozs7Ozs7Ozs7Ozs7Ozs7Ozs7Ozs7Ozs7Ozs7Ozs7Ozs7Ozs7O//AABEIAZgCZAMBIgACEQEDEQH/xAAbAAACAwEBAQAAAAAAAAAAAAABAgADBAUGB//EAEQQAAIBAgQDBQUHAgQEBgMBAAECAAMRBBIhMQVBURMiMmFxBhSBkaEjQlKxwdHwFeEzYnLxFiRDggc1U2OSojREssL/xAAaAQEBAQEBAQEAAAAAAAAAAAAAAQIDBAUG/8QALREBAQACAgICAQQCAQMFAAAAAAECEQMhEjEEQVETFCJhBTIVcYGhM0LR4fH/2gAMAwEAAhEDEQA/APUCOIojCbZMIwgEYSKgEaAQwCIYsMAw3iwiNBoRFhEBoYsMgMkEghRhkkkAkIkklCFbxCsugtAoKQZZeVi5IFQWOojBYwWQECMIAI0CQySQJBDBABiER4DArKxSsttFIlRXaC0ciKYUhEW0cwQBaCNpJaBXaERrSWkAhkkgAxYxiwJJDFgQwGGAwBBDBAEhkkgC0NoZBAIEYCARgJAwhghlUYYBDIBDJaSBDBDBaAIDDAYEgkkgC0EMBlAMUxjEMgSSNaSEWARxFEadGRvGBiiGFMDDFBhEgaSSSAYYI0CQiQSQDDBJAkMEIkEhghhRtBaMJIQJJIYAtBaG8EipaSSSAYbwSXgMJIt4bwJJBJAMUyQGBDFMJMUmApiGOYpEoS8l5DvBaQG8IgkvAMBhBhtAWS8khgSCQmKYBMWQwGBIJCYIEgjWgIgCSSG0CQiQCNaBAI1oBGtIJGAkAjDSFS0kkkCQQyWlQJOUMF4UDFMYwGEKYDGgMilgMaKZULBDBChJBJCLhDFEadGTCGAQiRRtCIBrGgSGCESAwiCSFOJIt4bwgwxRGgSEQQyAwxYbwoyQQ3gS8F5JJBIJDBAN5LwSQGvBeCSAbw3ijU2Fyegmingq7i5UIOrG0CkmAnzgxWM4Rw4f87xGmD+FTOPivb7geEuMLhnxDDmZyy5sMfddcODkz9Yu0qu/hVj6CWrg8Q3/AE7epni8R/4kcUrDLgsDSog7FtZyMR7Qe0vEW+1x7Ul6J3ROGXzeLF6Mfhcl99PpjYPIL1cRSp+pmWtiuEYb/H4rRXyDCfMjhcVW1xOLq1L9WMdOGUQw0PqZ5cv8njPUejH/AB8+8n0T+seztr/1IN6GK3HvZlFu2Mzel54YYGiCAqX9Jrp8KwwpXey3nGf5PkvrF0/Y8U+69hT497LOuY4oD1vJ/wAQeyoNvfEv6meRXg+HJF1uD0iPwjCIxyIWJmv+R5Nd4p+x4vzXq29p/ZQPl94J8wptLF437M1R3cXlPncTx68IVyGKBFHICb14VQyACmPlJ/yPLfWK/suH816JeJcCZS3voAHnNuHo4DGIGw2PR7/5hPGPwWgRYqZmXgOQlqVR6bDYqSIw/wAhyS/yjOXwuK+q+gtweoR3Kyt8JRU4Vi02QN6GeLojjmBcNh+I1f8ASxuPrNtP2y49gKqriaVLFITY5RYiezD5/Ff9unny+BnP9bK71TD16fjouPhKb62jYb2/wFTu4nD1qB53W4nTpcc4DxDTt6JJ5PoZ6sebjy9ZR5suDlx941yopndPC8DiBmoPb/Q1xMlbgldRek6uOh0M6uLlyXllbD1sOftaTJ5kaSm8ge8l7xLwiUNJBeS8BwYRrFEaFMI4iCMJENJCJIVIJOcMCSSSSoBixjFMKkkEkIkBkkkAgMMEoUwGExYAtJDJAcGEGJeETqwtEN7RQYbiRTXjRLyXkU8kW8IMBxDaKDGvIBCIJAYDCNFvCDAMkkkaUYYLySCSSQXgEnWS8EF4BJgvATBvIGvBeNRoVcQ2WkpY8+gmmuOH8IoGvxCupty5f3ktkm6slt1FNGhWrm1NCR15S6rRwmBp9pjsSqgfdBnlOJ/+INaq7YfhlDImwcj9JxWHEeKVM+Iqu1+pnz+b5+GHWE3Xu4/hZXvO6epx3t1gsITS4dhs7fiInl+Icb49xhznxDUqZ2VNBNOH4bh6f+IpJHMazoUqVOmvcoMSeonz8/kc3J7r3YcPHx/6x5Y8Hqs+Z81Q+ctXhgpi7UgPMiejaliSSy0rDlyiNg8U6XZV+c4XHK/bvMo4q4RFtfQyz3cXAAuPKdY8Nq2Bst+mYRv6ZWt3UFvIxOG1fOOTlI0yC0tVbjVJvOAxQYgUCAOcrGFxLgk0mVV8t5Zx/wBJ5xlVCqnKuW8IQs3euTaXItViLJcnryi1KeYXDqSvQ7x4TS7MjOi906bQrUHaWyn1latdhTT7RtiFUm020eG4zEOFo4Z8nMnSWYb9M2ye1Aqsp3uJpp4sDcfCU4jhvEMHUtXRAD4fKIabU0zMyk9BHjcTcyjopiKbLbL6x1q0mGUCc6l29RRkpnbTrN2Hw7s4LKRztNTbNkjSq022AllPB0t7C58oOxdb5FtfmYQlZbKrC5nST8xy/wC6HhtBjc01bXpKavBMLUBJorfqBLw2Jp7rm9I4xpA7ykDzEawvuH856rlrwethnNTB4irQI2s2k3YfjnGcELYikmKQc9mmpcRTqcxGZFqDYTeHlh3x5WM52ZdcmO2nBe1HDMeAlR+wqHQpVFvrNNfg+ExIz0vsydim04OI4VQrBgaai/3gNRKMOOJ8LcHCYk1KQ+45vPVh8vPH/wBSb/uf/DzZ/Fwy747r/q3YrhWKwt2y9qn4k5fCYQZ3eH+0mGxLChih7tX2s2xmrGcJw2M74+yqHZ02PqOc9+HJjyTeF28WfHlx3WUebBhluLwNfA1LVlup8NRdjKgZtzMIwgEcCBBGEG0kKcGGKI0okkkhgSSCSQSAiG+skBbQRjBKFMEYxDAN4DJAYQpghMECSQXkgS8YGKBDtOzma8N4BJDRwYwld4wMgeERRDIHvDEBjAyKMkl5LwDCILwyBrwxIwMAwXkJtFMKa8F4IJA14t5ZSoVK7Zaak+fKb6PBr2NZ/gI0m3LJm/C8OZ1FXEE06e4Xmf2m/wB1wmEXPkXu63blPDe0PtxiDi2wvC1DAaGoRe5nHl5sOKbyduLhz5brF3+Ne0uF4TRNDDBWqjQIvL1niK9PH8Zrmti6jNfZenwlGGTE1cS2JxNTNVY3NxpOtSxYpgoaqIfLnPh8vPnz5fyuo+vxcOPDP4zsMNwOhRp3q2TyO81dtgKC5abZ7b8gJdQo0MT9oXD+YMNXh+GcWUBfM6iJhJN4xry77ZxxFdqKU1F9SNbCUvi8VWqfZVmsdgFm0YDDU6a9oVIB3buj5CXU6Qy2w4Cptoth8I7+61vH6jn08Hj3qXqP3Rr3jpNK0aaJnq1S9ul7GaDQto9Ut+LNe0FTEBVAsAq9FtJuRe6KtTADdkBcbkSUihbMlI6nU3lJrVqilwRvYkgn5SoPXDjtAxUGyqBq3nYS+SeLp1MVToUyC1ydlnOrnGcRtRohjm0GTYCHDYD3nEU6rBhYkkNpf957PBYOnhKIVFAYjU2nfi48ua69R5+Xkx4Zv3Xj63sviKWDzVKtQWF2sReYcPhqdN0WhhWckAXJufWfQsRQFai1O/iFp5N8HVwmMZXvpqLHcR8jgnFZ4+l+P8i8su/brcK4HSpL21ZQWPITsLSVFsoCjymPhuOFekqPowGnnN959H4+PHMJcHzufLO53ycviHC/faqs5JRdQB1iLhcDhbKcGLnmwBJnVFRWuAb2lLJ2tQMRtt5zGfFjL5Ye61jy5a8cvUUPgcIAHWgoblYWj0MBSp95lBJlxZUNyMzdBykJrvsAo+s14Yb3pPPPWtiyUlXvKtvSc6pTWpUbsqYy+k2+5l2DVKjHyl4pqosBJlhlye5qGOcw9XbiPQsbEFDvrKXpOviUG87FemHrqMoOkWrhgnfAGXmOk814L3/T0TmnW3ENCm189PLyusnYsv8Ah1PhOlVwhOtPa0ydkQttb9Zwyw1e47zPaoVKijvKTfSOAGGo5xM9WlYMMw2vzltOojKNfPWMey9MeNwCYqjZha2oPMQ8J4hX4VW93xTu+GI0cjRTNxAOkqqUldWBW4Okslxy8sbqnlMsfHL09BaliKJHdq0nGoOoM4HEeFNhb1qF3ojcc0/cRMNiq3Cag7O9TDNYFD930noaNaniaIrUiGRhqJ9Pi5ZyT8V87l4bx9+48kp0limbuK8L93viKA+yJ7y/g/tOcpnZxW7wgQCOIRAIYIZRIIZIULSCSSEQxbwmLIo3gJhtARAUmCMRBKgGC8hMUwqGLCTBAEkF5IFgMnOJmhvOzkeSKDIDC7MIwMQHWOIUwMN9IoGsN5AwhvADeQmQG8ggBhgEGODEh2kDwxAY14VCYL6yE3gvIoky/B4RsVUsdEG5mca6Ts0cuFwoA3trKztsprSoIEQAARmcKt+u05+GapisVbNammr/AKCcf2740/DOBsmHNsRi27GmQfDcan5fnM55zHG2tceFzykjzftf7X18bj34TwohqSX7aoD4utj0E42BppSAIFQ1DqWtz6TLwrCXovVUOga4s9MWPmed9p2GU0lAcivnFwgAufI+U/Oc+d5c91+g4sJhj4wQtWoQoygDkLXPzjvWSkypSZTVvtlJB+ekqprTdS+IQ0kHhA2+FtIwNTKadCqUpbnKO9b0ubySajo10WxVWsFq1yDYWVLAfTQTrUsOyU+8hudlG0w8OwRwqdvisTv4aYF/S/KblxLViclNgo3uti03PXbll36WjDtfNUyIoGgtrC5RBc3I5Am14aYNQZ6gJUdBqZWl6lbuhrE/ftt8pKk/tWwqVW7ygAagByYKWGqYpwoJRSRYHXN+804yn2QAJW3TLHoYk4HB1K9EE1DZFzWAHnExnl/JblfH+LpDgStQPaVCHt3QgAAnnK+EqYXElalNmYGwOfKD6zoU8ZxDPd8QwYa7ggj0nTdaPGMLZwVqpqCJ6LOPlmsJqz/z/wDbhMuTiu87uX/w42GJV0JCADUlTcH0F7/GeroYhKtAVARtr5Tx+Jptg2KPScEXOj2vtzJ/SacHxF8L4MrJzVLNv5jeODm/Syuzn4f1ZLHf/rGFz5CWHnKuJUKeMwedCGI1UzBUp0aqDFUFGVj3hoSs04avkwtYsTlA0HSdZzZZ7w5PVcP0scNZ4e452EdxURhdQNrDWejaqRQDfeI2nD4fQ7esahAKA3O869SrTpLnquEA0UdJPi7mFv5X5OrlJ9rKa5EsTqdTLQhYa90fWcscUq1XK4PDlv8AO+gmuhUq2vXqBm/DTnow5cL1Hnz4853WxUVdhGlWeow0TL5kyZXPiqWHkJ6Zl+I4a/NWEgC5NohYnwC/nykFJAb+I+ZvLJe6nUVpTykk6k7wsAVMaVVXsLA6mS6xizeVUqtl1merTBaw0aa1GUW3lOIQEZraieXPH+D04X+TnVVIuGB15iZq1J171IMuUeHedIqaouyn1tKjTLd1uXOeO47eqZaZKWIvcHlp8ZpAvruJkfDdnWLKDl5mW0qhBKki99CTGOV9VrKT3DstybC/rLOH1hgsRkNhSq/JTE1IuLj6SPmendR4dd+c7YZeOW45WeU1XbYBgVIupFiOonmcdhDgsW1LXIe8h6ielw79th0qXFyATaYuN0FqYQVh4qLfQ7/pPqfW3zfV04imPeViONZAQYbwSQhryRbyXlUZDIICYEgMl4CYBvJeLAdoELRSYpgvAN4CZIpgS8F4pkvAkkkkBhJJ5Qzu5CIYohvIGAj2tFUx7w1EvpBJcQwIDaHNIQLRTIGB1jRAY4MgYSSSWMBgYZXe0OaA0B3gzCS9zIpqWtZB5zpYmpZQL8py6ZtWU+c6GITOFAO+krNbsHT7HAKx8VXvn05fSfPPaxjxv2q9yZ3Whg6YBZL+I6k3Gx2n0qsAtlGygAT5T2SVeN8YFQjv4p7EHKdCdj8Z4Pm53HDT3/Bxnla00sHSwtAILsFFr5iT8fOKaNM4k9q+lSwym38Mqd1FA9mHGXS+Ya+VyOvlKXxXZuFAqG5OYMy3J5/y0+N7fXkrXjOHgKpSutl2B7pt0AldB6dMK9JmUk3C1T9bC5A5XmVnuzslVhpsLG3nqLTZhqNTEZQhqCkLgsQCbfUfKa6XvXbZSWtXy1KmKdl1sFFh635zp0GbIq95VY/OUU8MtFQqub6a6XHltNFKmVqZ6mZQB3S+5k7YtlbKtCrh6KnIDfUXOnylWCJr44NVyA21Ci14hIqeOuPIAX/OTh7U6eJNRihFjta518pvcuU16c9Xxv5dLiGGzUw1NfieX0nLLIwZKjXBO5uf0nfSrTxNC9O1jy6THj8FV7DtlJsBtrO3Lx/+/H048XJr+OTPh2C1bMqAnQlhtNq0ctQV6LOHXqN/KcinW7Pu9mLA6EW1M6eGxT4gd/TLtcTHHlj6rfJjZ3F+Owy8RwnaILVU3v8AlPPNSK2WoVYA63Uj4aHX4z0lGsEL3Iy2JM88ofE4tioO51OwF5fkatmX3U+PbNz6jbgqbrQqhwQhWwAa2vpNVOgai9gjWXQubfSClSCKAbKo3Y8zDVxdKlStmFNOYG5jGSTtMrbemn3gUl7HDLmy89gJndqFJjUxVcO55EfpObiOJvUUJTuqcgu5mO1SqwsCR5Am8zlzb6//ABvHg176dmpx2hSH2VF6p5ZjYfKZ6ntBi75VCUuXdEyU+G42qBkovax1YaeUvpcBxr0znKKSb94j5xMufL1v/seHBj70orcYxlQ/4ri97bwUq2MqVbdo51tqZ06Ps6oN6uJXzCLf6zqYfB4PC2NOldupEuPxuTO/yuv+tZy+Rx4T+M2XhtHEBQ1dp0b25zO1ew1Kr6mZavEaSm2YO3rpPoY58fBj47eDLHPly3puaoT4fnEOnrORU4m7eFgPISzD16rODmJB3nC/Mxyy9Os+NlJuupcxKgupjbyuudLT053WN244ztnVrva94tZLjUHztGQaxiTqAN545N49vTvV6ZWClT0AtqdJk7EXJAUBepFxN4QBiW18plr3asFVlWwuQOU52dbrrje1ikHkfWWoBmHTmLyimuUd762mlFANzynbBzy6a+EqVp1V5ByBLMcgfC1lJ3QwcMUig72IDVDYGJxCoFoP5z6OHWEeDku8684p0jAxBtGE2wcGHeDlJAMkl4JRL6yEwHeSAJLyGIxhDX1kMQHWNfSFC0BEN4CYA20gMhOsWACLxbWllojQBYySXkgPpIIIVndySTUxraSCBBGF5OUMgW5EYGAjWTYwp7wQAyXhR5SXIhEhmQ6nnH05yoSZoU5tBBeS8IMAOsN4L2MioTZgehnVBzLTbzE5BYTo4R+0w1uYlZrtVxe/mJ4jD8JFDjPEaTUiVer2isRuG1nt756SsOk5GO/5bHUqp8FTuN68p4vl4bxl/D2fFzuNsn287jeDgNmoqx00A5G+8yLwmugzhHygHU6W+ms9hUGUEqm8wV0q1D2d7JPmZ8cxr6GHNlY84mAdq+tBMoNrkCx/nl9J0KNAKuSihXqxO0bG02pWNyB5c5fhwFW1rnnczjrV073Lc2QYRiMvivvrYmaRhqi0rWtfS1zGGXpz21l5YKmbYjympjHO5VU1J1QAU85H4rWnOxAelVzGouh5AX+E7KuKijNe0w4ugAzBQV9Jc8etxMMu9U2Cx7Ua2UlSjczpO/SqqwGoZWnkkwxqDJcj8JB5zocIxFejW7CqOWg3nXg57hZL6Y5+GZS2e1/FcClJ+2QWVtLDlKsEbAE3a2hLambeMVM2GSluznaY6I7GmKVNc1Q7t0jlxxx5r4+k48rlxTy9jjaz1V7CkxAPjIsbCDD4ejhaeY3Nxcl9Cf2kepSw65RrU5mZK2Mp0yorOM29t/pOWV1fKumONs8YvfEVK91pL3fxk6SsLgaQz16+Y22U7zHXxnaaIA1/xN+gmYK57zvfX0nO5zf5dZx9fh1V4jhaJApYS9vvPqZaONPslEAD/NOMpKm5Zbrra0sRm1bMuuup5ROXP6LxYfcdccUrZQCqi/xjjiFfTRb+k4y4hFUXe59IxxLkG7oOnWP1c/yn6OP4dVuJVvDnAPlEOOqsSGf0F5yRjgGyqNfMSw4g5UOddr2G8xeTK/a/pYz6bHr1Ce+D01Mq7Qk3FyJmXNUvfUeZmvC4ZqjAIqk8z5TM3a1ZMYajTJNwNfWdrBYYoMz6nlFwvD1pXd7X9Jr7RVQWM+hwcPj/ACzeDm5fL+OJmfKNN+kocsdfpEeqzNYf7yympJueU3eT9S6jnMPCboIpGpga+8tYabSrY3J+EWamll32qN7dJnqXzEbk8pqcqUJW95mdR4gddtZysdsT0x3RoAefOXquVCSNYKCAAAnWbMPRz1AT4U+pnq4sNuHJnI0UafYYVEO4E5PFq4FIrfUzpYquFU62nmsfie2r5QdjPdfw8U3buqAY4MQLG1lKsvATAL2gOsIl4QbwWh2lQSIeUF5LwqGIwjXkgV2hjERDIDaKY14p1lCyQnSJeASYCLxSdYQYEtJBmkkXZjIDYwjWG153cRBjDaJawhvpAJMF4d5DpAkIF4AY6mCCFkI0hEBkaKTyh3gI1jiWgQGFopvIJcyXkEUm0ge8hMQNpBe51gMdZqwFXJWyE6GZRILqwYbiUr1OEfNSynlpFx2EXF4dqTaX2PQzNgq2ZAw5zpKyut5jLGZTVMbZdxxsLUdr0KwtVpaH/MOsaqgBm3FYQVCKiWFRdjM4K1CVdcrjcT52fFZ1Xtx5Je45OMu6MLgWmAGqqAlXOum1p28TgaTd7W/lOTXpEkpmsB1ng5MMpe3v4s5Z0spO66VMtv8AVtNl81IC9wJw7VaTntDfpYWtN2GxSqQD8zMY36dMsetx06B7RRptGxFJ6lOwU6SmhXyYgMTdTNGI4gi1OzKHXnPTjcbhfKvNlMvPqOeMK3YVGL5cvIqNZMEQcYalxlVbkxOIuVYAVMubaNRTKoW1idSZ5+plqfTv3cd37XVMQ1eqz6C2gPQSmrWyrkonMx5jcw1aqquW65fvE85nPEaOH0w+HBJ+8Yyy73aY4/iGTAY2udQVU9TLP6G7L/gUmO/ffUzP/WcWToAFMZeL4pW1AIB5SS8P3utWc31pZV4bjkPdwtMLzyTHVw+JXx4VgoO6i1p0KfH3vZqWvlNVHjWGY2clD5zfjw5estM+XLj7x282zMrGyfWGwy6grfWenNfhuIIzdkx9I3u3DKgv2dP5yT4+/WUX9xr3jXk3KKosvpmipSZrAa/GetGC4aDcIg+MIweAU+BPnH7bL8w/c4/ivL0sO5qAZj8BNtHhOJqsWFOy8iZ6BfdaXgCLFbHUU2YH0lnx8J/vkzfkZX/XFjwvBEVft2vpsDpOklKlSQKFACzG3E1PgEobFVGvrvNzPh4/9I5XDlz/ANq6VXEBRpKM7VDaZ6SvU3vOhRoZRciWefNWbMeOBRpG9zqZfawsI2iiUvUubDSemTHjmnDdzoOx2leh3htpvK3OVbDUzhlbe67SfglVwfs125mGjS10Gh5mPSosw5W62m2hhtPLqZ04uK53bOfJMZoKVHNYLoeZmh3WjTyjlBUqpRSwnE4hxG11Bn0ZJhHhtuVLxLHixVTrOTTOareVO7VKhJM0YOi9RnyLfKtzJPZfS22kMliDYi0hm2UkkkMqJBDflBAnOQyHSAwIIbxYIDkwGQSQpTBeQxYEaVnSOTFgASEwxSJFSSC8kGzZtZYrSkaxxtPQ4rSYusEYQII1tIpMN9JALWjqbRN4SNYFmYRc3SCxMIWF7A3MIMawtF0hdGGu8JtaIWkvfeQGI2u0hkG94KgXSQC0e/KWUMNVxDWprpzMIqG9ptw/DqtexYZFnQwnDKWHAZ+83UzU1RUFhpIMy4YYXKi7EX+M0U6mUyk1O1e3MaxuUI15gReU1sOtYX2YbMIi1CuksWp1nPLHc7dJlq7jG5al3aw0/ENpkxOFDrmUBhO0wSotiAQZlfBFQTSaw6HaePk4LY9XHyyf08+VKvlK3v5Smph85+zJHlOzVpBH+0XKeolRoL4lAPpPDeK+q92PLPblq1bDkXJM0VKprZagYX5yyulQgjswR5yvD07AgrbymPHXTflL2JPa1lLLmybXElaswOREuTzllR1pra4B6yhq6eEVL3mbNLOyCgpOatU/7VhVcKLjIYylXawYX/KP2VM7sDbpM+P9NeX5UmlhmXRWAiHA80ffrNBo2PduLxezbNYt6CNf0eX4rDUwtYNpb5TMyur95Z2LVFPdF4cl071KY8G5npxkOtipsN4WxIFSyXHkDOqaFNr3RheBcLQQXWkflM/p/hr9SOYtSqTuxJPKaVz2Uqzk8wZpGHYeCidesdMHXb/LE4zziimlV2u19ZqTDgC7HQS+jgCNXqEmaVw1JNWuZ1x4v6cMuWfTGtE1Wsi2A52myhgdAW5TSlQBbKoAEPam9gZ3x4sJ3e3DLkzvUOiJSGm8LVQDpKSSYLgbzreTU1HOYd7qzMW1vFJAFzADfRASY6YSo7XO0kxyy9dlsx9qTUZjZBpLKGGNQ6zYmGp0xdrRK2No4ddLCejD433nXHLn+sIvSktNe98pTiMclJTqBORi+M690zkYjHvVJuZ6pZJrF59W910cZxUsTlM5NSs1ViWN5UXLbwqJFOgnf9nqQyYioRe5Cj85wkFp6fhVLseH0wRq3ePxm8Z2zVuIwFKsL216zk4jBVaBuBmWd4NCyq41F5pl5iCdjFcNV7tT0acqrSei2VxaFVRhAYLyB+UFoAbyGUAwc4DqYbSCXtJmFoDrFlBJ1gMkkBTrFjmVk2kA2MJOkkNgdoUukkOWSDYASxTAu+sewnocSlowN5CmkIFoEtDCTBfW0ggEl4byWlBDaQgRBHBtIsE7RTa8hYxbQuzZbiC0gJ2gYmDYGGRAXsBqTynZ4fwoJarXGvIdIqM+C4Y9az1RlXp1nYRKdBMqAC0LOFFhoJlqVbzKyLKlfoZmeoTASTBDJqLZa6k7XsZrK2JB5TCZvB7Skrje2sBCILkRjFIkUVqW5y1aw5zMdIM1pNLK1stOqtiAQZQMBSW5QkSsVCp3lq4jrOeXHjfcdJnlPVJUw7KNLNMvcBsUIPpOgK4MP2bbgGccuCX06481ntx6+HFYcvSY6vD2J0UCek7On+GTsqJ3E434ztj8nTyrYKoNBoIyo9NbAbc56VsJRaL/AE+na05ftcvp1nysXBWpWUX3loqDdkF52F4dSXlD/TqF75Y/bZn7jByBXQfcMPbJ0PynY/p9EfcjjCUgLZBH7bJL8jBxlYNyPyjrr90/KdgYdBsgitQvsoEv7W/lP3GLl3toFMZUcnRTOiuFA3jijbaWfGy+0vPPpgdKtgEWxkNKraxnSFMczIUTmZ0/bb+2P3En05q0Strky3s7eFbzWWpLuREbFUk5iWfGk+2b8i36UjC1H3NpZTwSp4mvKanFKa7MJhxHGhsDNzg4537ZvLneo7V6NIcpmrcSp0wbETztbi1RtA0x1cY78513r05a37dvE8ZuCAZx8Tjnqt4tJkLlucWS9tHaoWOpggAjgRpBAliiKBG5aSo04Sj21dU5bn0nq0GVFHQTjcLw+QqD4m3nanTGdM1IbwSTTJryqvh6ddSGAj3hvCuDjMFUw5JAuv5TFeeqdVqLZhcTjY/hppk1KQuvMTKsCm8aIo1jEyBGaxhDXEDC8gFhAl5IDJKATrJeKZNxIGveKQIBtJeADFzWMe8qe5MCztJJWBpJGja876Qgw5R1g2AndyODATrEJ10jLtcwLFEVhaHNYQXvAF7SZrRrC0UkXgEGNbSLpGzaQIBILCC95CD1hrZSdYcpchQLk7AQZdZ3eF8PFJRXrDvHYdIt0icN4YuHUVaou55dJuqVLCR35zM73Mxasmkd7ykjWPa8NoFdoI5EUyslM04Op9mR+EzKRLMM2WtbkwtFI2OttRsZWZaDpYxGW3pIqpohljSs7wsKRFjxTAXNJ2pHOAxGkVaMQesb3kzKRaLcyaNtgxPnHGK85zixi52Eniu3W9608UHvdjvOX2himqZPFduwMcBD7+vlOGap6xTWPWVHd/qKiKeJr1E4LVmlZrHrJ2rvNxRRzlbcWtznCaqesraoY7HbfjB5GZ6nF3OxnJLmVlj1kV0anE6h5zNUx1RvvGZCTFk0q5sQx5ypnJ5wQWkEuZIbSWgQCG0IEIEKgEYCQQiARNeFo3IdvgJVRpXIZhp0m6kLkSyM11OHp3i3QTdM+EXJQB/FrL51YGCS8l4AvDeAwXlDXh0IsYma0ZbMNN41uG3K4hw/KTWpDTmJzCbieoNiCDOJxXBHDt21MfZtuOkxemowXkJ0ihrwnaRdIDraRmi3gaEG14L2kvYRTrC+hLQSAQE2g2MkUHWMdRAUnWSC0kppqIMQggGMrXEJ56Ts4lSx3EssLWAlQ3kYkG8odusrzyzxLrB2QtrAXOTK2Zr7S0gAwWBMBUJI1mhFHWVhRaQPbSAzaGHPpEvc7y7DYdsTXSiu7HXyEg3cIwPvFTt6g+zXbzM7Tt8AJFprQorRpiwUWlVVuUxlWorqPcyreEm5kEyqARoIZUK0QxyIhmkpDACVII3GsYiC0rLcrBlDDmLw35SnDN3CvSWmZaIy8xtKyNJaYpF4WKYDHYRDIpDFMcxTCKzFIjmL1gVMIktMS2sqkMQy0iIwkFRiGWkSsiNBCIhEcxTMqrIiESwxDAQiIRLCIpkVWRBaORAZFJaS0aCQCG0kkiiJJIyqWhAAJl9KlY3b5SKoWWLKq1d5rwqFnAG5mRLFrTrcNpXbOdlE1GHQAygAcoZIJsGCS8F5UG8EUtFzTUxTZmOsisQdIpN5AZvTK8HMPOBlWqhpuLqwtK1NjeWHe45znnGsa81jcK2CxBpnw7qeomctPScUwvvmCLKPtKeo855m+k5Og3tDoREJiliDpAsgMXNGveEC8BMh0ik3MCRgYp2kB00lXQneSVlmvtJA0i4AjC/ORrA6CLczs4rbgGB2u3wgABgfSwgENYbRg14i2aNkF5QTbeKDFdTbSKoIGsBy5GshsReKNTHZLD1kCieg4DhuzoNinGr6L6ThU6ZqVEpru5CievyLQopRXZFAihSd2Myu1z6y6s2VLTNmuZzrYgQyQxAIYIYQDEI1j8oLSlIRBaPaS0rKUzlcHlsZpma0vQ3XzECGKY0UyKU6xGWOYhhVZFohlpMQgGQVmLHKxCCIAI0lR3lu4iMNICGI0a8VjCkMQxzEMUIYpjGIZFKYhjGAyBDFMYmIZADFhMEigYI1iZMnWRSwhSY4AEMuhFQDzjgxYRGg4kLgAk/LrIi5ydbKNzKarXNhtyjXW0acDepVcnynpsLT7PDqOZ1M4PA6Pa3c+Et9BPQ5xNY+kvs0EGYQZ9ZsMZWzcpqARk87THU0YiaxjNS8kUQiddMGkkkjQYRgdLRRGI5yWdLKsQgHXY7zzPFcOMNj2UCyP3lno1nL47S7TDrVG9M6+k81nbrHEa1ol4CdYL6yKflAG1k1tFDawhy3WDSLmuYbwok232hDARW2iXlVZmEkrkgacxzaiMdobgjXnAQQNNp3cAWpv6wswJgCXYnrCVBIA5QGA00hW99ZLZVtvaAHW5gMSMsrB5mFiLm0rcmBYCCZa2gEzU2lpbNA6PBKQrcTVraUlLT0FQ3acr2cpgLiavPRf1nTbxTGSxRW7xmdlKNNVQDsvMtK7BkyncbGYaIrQ3iNTYHURbkbyouEkRWjwJIBJCBAUiS0stF0vKgBY66SAXjWgSKwj20imBWYpjmIYFZixzEMBTFJjGKZFKYpjExZVUuLQZbjeO8qvY2kAZZWVMsJimKKypiFTLTEJkVUVMUqZaTEJkCFIpUCMTFJkC2HSTSQwQoXkvJJIIIYBDCiIyqXbKP9ooBJsN5qUClQv1+sQqqswp0xTX4zG5PhXVm0WWVHzEsZp4Ng/e8X2rmyrt6RbukdvhuGGFwaJztaaryMMptyG0Qmdp0wdQWMuFLa8opPZ9ec13LU7jcSoR2yLccplJuYXckkGJNyM014wiZgNyB6mWIrP4Bm9JpBENoLFTYgg+cYQIJZbSIBDm71hIJsZRjqfa4eqnVTNDRKovf/AEzz5uuLxkjXGohrALXqL+FyPrBm0mG0FQ7QEm8HnDcMvnKgixkuREGhjFpQ2a4isulwYOcmewsZARoJJXnkgbSSNCJYpUpaKblzppCi2NjO7iYELpKrlCZYyXXTcQFM4vAAc31hJuYQFUgHnHamNxtKEssRiGIEjONgNpBTJ70BUXKxELBlvroZDvI1ytoR6P2a/wDLazda1voJ0n8bTm+zWnDay9K1/oJ03H2h8xMVvFnc6W6GVy7MEuSL3iMoXvLqp+kyoBiPMecBytuLQSQK3pldRtIj8jLVNt9RK6lPKbr4TKhwbw3tKla0a94NmLXkEUS6knMwh1Sy6wqtzpC2gtHXuUr820Eikt1iES61hEbXUSooYRCJawlZECoxTLCJWwgIYpjGKYCGKY5iGFKdRKXFjLSbRXFxIqm94JDoZICmKYxiGQKYpjGIZFKYhjmKZAsEYymuxGWxI9IDyTLmb8R+cmZvxH5wrXJMudvxN85A7k+I/OBvw9u0F9zGruahNvAvOYQzLU1dwOo5SVcTWrKtEOxQaASKsWmcRUyDwLqxnqOF4PseH5iLPU71ug5TzNBWQZA7W3ax3M6NPF4gi3b1NP8AOZJ7W3rTtk5ltzErvPP4jihoEt29RrfhYm3xnLqccxNe4Su6p1DG835Se01a9fUxuFwgLYmulMeZ1+U5mL9uMHhQVw+HqViObHKJ5KrXLNna7N1JvMdQl3JIDE+UzeS30vhJ7dfE+3GPr1CtNKVK/QXImGpx7iVZ/tMU9vI2mRKKE3KLe+5E0GktlGQbdI3b7p1PoRi69Ru9VqE+bGdjhZxHaq1Oq4bcG851DD3sxUeQnbwNJ6diGI9DtO/FO91z5MunqMOuJxID1qhzW1MOFxC1gwBGZGKsOhE5HvlSmQprVLtsoc/MzkcMxtWpisRUWq4D1GNwx11M658st9OWOF09xsLyIl0LHczzvvOIO9apbn3jGONr6AV6mp/GZz8mtPRN4byt9z/pE4bYnEWt29TX/OZW2Jr949vU3t4jOWTpHLxdvfa9v/Ub85XcWmd6harUYsbsxJ184pcjS5tMRvbVm0tFTusbygM34j84Szb3PzlRfIxIEoDtvmOnnCWNvEfnAtVwYXAteZ9ephzMdCT84FwYWkmck+ckLt2M4SmCZA13DX0MBYFNRvFI7gF9Z3cFjVbZtNDK1qkNblCO9SHPrK8qlhY85RcGDttHJKXW9xIwAHdPnEJzNcHaBNMugjobDK0oNQh7WkLkve28B3AOt4oLD0lThgxsYy3C3JlR6L2YrZhi6XTK35idl91M8t7OYk0+OCmTZa9Nk+O4/KerqDuehnPKdtYstQbiIrFdOR5S6oL69RKNjMtVGtfSKRHIiGVAllMBjlJ0MrhBsbiEWHClWK8xKzTKnUTYa4ekr/eXRh5RXysLiTda1GdEudZoQXv5CIBLENg3mJQDq0tfxhfwgSlRdx5mWub1m9ZEK5gkfxQTUSlYSthLyLiVsJBQwlZlzCVssCkiKZaREIgVMIhEtMrIgIYksMQwqqovOVA8jL2lDCRUMUwg8jvIYgQxDHI1imZUhi2jkQSBLTPiR4fjNUz4keH4wBg8HWx+KTDUFzO+19h5zo1fZypTovW9+wrUqVw7K5OVukHswXHG6WR0XQ5s3MW2HnN/EUbAcMxNDCcLxNKnWa9WpUIIAHS0Dk4PgWOxuHFemqIjGyGo4XOfKbeA8KFavxDD4qgO2pUrKH0yt1m/Emk3CuF1F4a+NUUwqlHIyNpfbzlmFrV8VxDiprYVsPVOECmne52MKz8P9naow2LXFU6Lsaf2RFS+VtdZyU4PiKFCriGCEUqnZtla9jOhwClUXC8Vp5GFTsLZba315QezbHEtjOFPnTtEBLEeFhy152/KZWK/cK+EFmp0merh2qBW1OXTXyMVeFsKVOri8VTpJVW6rqfnadXF1Vq8TxgXanh2pj4Tl8XrClQwhtcmgLfMyWrIzY3hJeqvD/eaFLEOe7TNzfpqBYX5XnJpcOTsWqV8RSw1FGyXa5LN0AGs7OIFvbFWvqcQn5CYno08PhBixgvfK1evUVQwJSnlPMDcm/ONNbcyrwnEHHUsLQZKvbqHpVFNlZeuu1rG/pLE4HQqUa1alxOhUXDrmq5Ue45CwtqL6XncanX/AK3wmnUpU6TtgitSkFC3BL3UAbEjbzmPEYCpwvA4o0MBjh269m9TEKAKa3BO3PTeakZ259HgdxRWtjKFCvXUNTpPe5B2uQLLfzlmF4PUbtamLqrhadB+zYuCSW6ADfadXiBNTHo9PhVDEU66I1Kplcl+6BbQ2uDp8JrpnHGvinr4ejWpvV+2S2ZVe24sbj1m8cdsW6ZaGDo4RXo1Fp1mdbpUTUWI08xBVrU8LRufgJo4ocNw+nSqIjU+1TN2RN2Bv+U44L1qhrYg2y625J6zvJuf05W9/wBq8XjGo4atialw5GWnc65jp9AYeC0jSoqWHL85yalc8W4iop393pHu+Z5mejwtLLTFhacbl5ZbdZPGNBYtoNIyrqD0kVbeglmwv8YQpOvoLymuwp0WbawJlpP1P0mDidXLQyA6tp8OcxWo5nLeG99IpItIDb4yKbaG+kUG97wnbylDA6SXi3hgMbb84t+9oYRr6xeZlBJN5JAeokgdMlivdG0s7PMuYNy2ii3Y6nW9457hvblO7iFIKoYA3tD3WuALXiIjip2gNg4tICQwBte8B2ORbGCn3bESMQe7uIV7q5ekAMACV67RPCdDHuM17wNlBYGEVm5ctveK5cDb1h+8Qp1EVAc1ybgyhqGI93xNKut89Ng3yn0BXSrTFRDdKihlPrPnhClmANipnrvZ3Fitw/3ctd6Gg/0naZzn2uNbyNCvSUuNZpcG95TUW+2xnNtVBaHyhtCEKwR4CLyiLpGW42+UQaGWLBDAknUR9hAITtIoLoQZa3+M3reUiWvup6iEK+8ELxZqFMJGXSQQmQUstpWRLWNjY7dYjCCqGERhL2EqYQikiIRLWEraBWREMcysm0BTK2W8YmKTCqW03ih+RlrWI1lDKeUypzFMqzlToYe26yKYwWg7ResmcdZBLTPivu/GX5xM2Kde7Y9ZNi3h2IwuHxObGYft6TKVIBsV8x5zorxnBYLC4inhDjKrVkKAYgjIoPOwO85eAo08VWqCpnyUqbVCtPxNbkJ1avDcJVwlJwlZEWkKhQKvaMLVDa9t9B8BtKORhuLY7BUzTw2KqU0OuUHSLh+J4uhimxFPE1FrP4nvcn1l2O4dSXDpUwiYgs4pEI4BIzmoOQ/yC3rLMTgeF4bGNgkqYlsUKVSqt2XLZWK2OnlvM9tQuH4hj/fGr0cQ61qg77jmPP8AT/edPAYqhgq1THOcRWxRzEJ3cpY8yd5MHw7hhNdaVetajWdKpqEFmKgnTKNNuhmfiR4fgcC2JSpXq5yFpi2UXIvqWUEjTe0z230wvxJgzks61GJzDYm/5zFXxNaswzubAWUE3sJz6uPr18UrLdjsFAJ+AE0szhb1UamTrZgRJFO9ZzUFU1HNW9w99QfWClicXhwwo4qrSD6tkci8rBH3dYVSo510HUzcZq/AY8YXFZq4q1UNJqV1bvIG5rfnNuCq4PBO9XDvjK1RkZAlQKqai3esTf0mfC8PerqqkLzZv0nTTC0cKpqNY5dbsdBOskntzt/CvAJiqVIqMRVp0zuquQPlI/EGwhNPBlhU/wAh29TKK+PfEg9g2SkNDVOgPko5+soZ6WGoNUdxRogXaqx1N+nU/wAN9p0+u2PYEVq1ZqtesalXd6jG+T+fzrOJxHiZxre44IkUQbO4PjPPXn6zPxDi1TiJ91wamlhtj+J/WdDhPDRSUOw1nPPO5dT03jjJ228KwQoUl0sbTtouUAdJThqYFtNJoJ5CSFTcgRmOthAvdFzvATyJ1O8lpCs258rD0nDx9ftMSQDdV0v5850cfiexpGxudgPOcQ66nnrfzmWjAkaGNfTylNztGBJFjAs5QgnQ8jEVhtvGBOwgEaXMa9/WLfpBbW99pQ4PwIMJsddusUm5GUajeS+vlAYWtJEuw2Okko7GU9myjle0ZWHdLcxtJTbLYm1ibRQR4lbw7CdnExJAIP3TcQhRVJOxWLdWprUNwX5StSyL4rXNjKLAwz3tcAyM4awF7GUjtA2VrCx1jVW7NkI170IYC9hbaBmUsSbCNUJDmxyjeUl1NhuecoJXK2e+kQMrowW97wuSBfkIgIFYENowtaEKHLEHQa6zpcLxh4fj6dYH7Nu648pzVUvcWGkuWzIF2sJUj6Do6gqbgi4MrI5Gcj2d4mK1L3OqbOg7t+YnaZbicb06y7ZXWxglzLcecqK2kUskhh0teEC15AesnpJvAtU3jcpUDYy0G4hSDeXeOl5rKT4pYjZb+YhEvdYskkqmvJeLJCA4DAgzJUqnD/4lzT/EPu/2msyt1DCxEBAQyhlIIIuCDoYpE59ehi8AxrcPyuhN3wzmyt/pP3T9I2A4zhOIu1GmzUsTTF6mGqjLUTztzHmLiQ21MJWyy4mIZUUMspZdZqIlbKIGRllbTUyiVsgMishaVM81NSEqagDMtMzMDvKWI5Ga2w15lxQw2FTPicRTor1dgJBQ1VllD43Jvec/Ge0nCaFxRNXFMP8A0xYfMzi1+P8AEMWxXCYVKIPPV2/aZ21p6KpxVU6zBV9ocLmIeuikcma04D4XE4gBsdjWAP3d/oNJKeAwoIFLDVK58/2Eztrx27Se0iUqoqYfEZHXZ0exHxE6OD9reIP2Yp0jjHWpnzszux0ItcG4AudramcLJUwVLtTQoYVB951AI+esReI4nF2y1KrKNmIIHwvHkvjHosdxnjmJrHEha2CdqYS6VGQFRc6km51J3J3mDhuG4xX4zTqV2xbkqVNXMx7pNyL9Lk/Oc2rXqUxu1vPUymnxfsHze8V6L30YA6fIxMqeMfSnr8Swb/8ANYes1mzBwpvfrprfzmJvdeMuQKzYhy9yvbs12ta9rnW087R9vOI06SUVrUuJUx4qdZxRqfBjp8xLKnGuE4t8+NwVbCtuDi8Pp/21Fv8AmPSN38HjHqsPw2pg9EwbUibbUzr6nczm8SrM+NAN7INrbdYuB4hw80wtHipVTsjYq4PoCZXxjHYTCojUKdGtUqDVu1LG/oNJNr4tCsr4mnmVchUaKJ0xw9KFM1moMEAuXZTYfOee4TxejgKD4ljSOJA7i4jUa9Fvr8Zd/wAT8NHBBg8Q9WtnfMyMGKE/Cw+FyJ0l7ZuLoVeMUsz0sHTbE1EF2y7J5ny9bCYHeti2z12NcjUU0Fqa26nn8NPMzzmP9ssHRQU6dHMFNxS0CjpZV0Hy+M85j/aDi3GCaak0aLaZE00/nW86eWM/1Y8fy9njvaXAYRrNiaVevbu0w4Cr+49NJxauOr8axAatXV9e6isLAeQnI4X7N1sQ4ZlJvuTPecH4BRwig5AT1nO5WtSdKOGcIKAOUJ9BO9QwlXQLSc/9pm7D0ALACdSkoor5yxK5a4WsqgdjU/8AiY64XEEf4FS3XIZ26KF++20tZtLchNWs6efOHr/+jU8hlMorrUooWam49VM9BVqhASTrPGe0PGe0qHDU3tfcic7W5HNxmL7at4hYba7mVBgR4hYzIGLHLcac44cg3Go5zPk1pozWG405yZ76AjzlGl+gOsYMQNRrLtLF4IIGscNYgEzOrFj3DtyltxmBl2aWXtoT6Qgm1wbkbiIbMm+n5SUyRqLXH1l2mlhvYOsYG+tvIwKcotuDyigsr5DsZTR8oOskGcLpbaSDTsugyHkFIJBlLUwhuvhDdeRl9Qqadj95TIER0Q697QzvtxRRfQggXsIi0m1Fxl1vCA5TxKRzBgRkFQqugvreEKwbK7hiQReTMKlEMRyvrGdQXy5jYi/pKwwJFJl2uAZUGoGqKGU2Nra84obKrMyg6agcpYiKVBNydxK6jBamU77Sit6pKqb6Npa0rprTv3iQ24E0MSQMym4BFvSVrYNTdqZDHS28qK0r01O3WBHIAq7KBreHIrVHT7wO9pUSy0KiOQXRrgdRKy0U8W2Fq069NiCDdf1nueGcRp4/DJUU6kajoZ8/CsxQkFlJtN/DeINgcToWK3yuLfWZyx21jdPeMt9ZWy39YmDxtPE0ldWuCN5oK31E4+nWMpHWC2kvZb+sqZbQEtBqI0EAgwg2i2kvCLL63hvKwY14DyRbw3gGSCSBIpjQGBUy3nL4pwPB8URe3pntEN6dVGKVKZ6qw1B9J1zEIhXli3tHwbTu8bwo2zEUsSo9fC/xynzMuwftXwnF1hhqlZsFij/+tjF7Gpfyvo3/AGkzvugPKYMdwvB4+iaOKw1KvTO61EDD5GQ0tLjrELicJvZOnhP/ACrH43hwGyUq2an/APB8yj4ATJXq8f4brU4hw7FKOVam1Fj/ANykj/6yD0pYRCZ5Nva6sqEVMLSD/wDt1S4+qicrGe0vEcVdRV7JTySB7bFcQwmDUtiMRTpjzOs4GM9tMJTuuEovXP4j3VnlxhMRi2zsGa/3nM04fhtFW+0Oe3JZm5RuYWjivaXjGPJWnU7BT92kNfnMa8JxOIqGpiXN/wAVRrkzqNiKeGGWlg8Qx6UaBb67fWRMVizbseBYpiedeoiD6EmZ3a1qRVhuC0Et3WrN0O06A4OWSzOtBOglWb2hq6U6eBwS+Waqf/8AMQ8CxmJ//N4niaoP3UPZr/8AWx+smjy/CV24Fwq3b1VeruFY3Y+ijWZKnGMdih2fDMCMPTP/AFKot8lGvztOphfZ7B4QfZYdFJ3NtT8ZtXBIuy2kT28xT4LUrVRXxtV8RU3BfYeg2E3DCCmtgtp2/drcpW+GJG0K87iKGbS05mIwhJ0E9a2BudVlNThgJHdlV49sCTyho4WvhzmoValE9ablfynrP6WPwyf0wfhlTTzD08XW1rOtYjnVpq5+ZF4ppYgarSoA9RRUT1Y4aPwxxwwfhl2PHGljjorBf9KgRDwvFVz9pUqNfznt14Yl/CJop8NQfdkNPF4X2aLEdyd/AezlKlYstzPQU8Iq8poRFXaBRhcElIABQJ06NLoIlKmTymqmbMEprnfoJUaaSrRXM2/Ka8PQL/aVdF5DrBhsEKdqlc5n5LyE0s99/lNekvYs+lhoOkorVlpKWYxMRikoqSTPI8d9oVoo3e8gOsztZF3HuPdmjU6banTeeTzGo2eobltQZiq4t8VW7WrzOmugmikxcfpMVqLE10tqDYRwxQmwuOcrL2YFtjv+8LpYXzeLS4kVeGDrqNOkgve5Oh2MRLgXNz+scgAZD4W0lDhWUh7gDnLTpqBtqTKKbFVNNibja8tRiaZUHblLEWZwtrLdW+sHgINjYG4ihQgsO8jeIcwesLNoqObg6q03EXZu1FxobXtFSp2h10YbnrEXKzAA2ZfrHZCGVggN4CFtdQb+skbtEXRibySjuU7VLkn/AA6oFreX94EfKWUpYqwy6xGBpF1zXFVh8P5pGYhFfNexW46ixnoedKdU5sj93vG2sYEGm5UXykHeUqoFR2ykAkEdLS0K2UkhQpWxv6wEBbtlDMqksVAhWmVLtYB1O0BGRspYMS9xcbQVWLO/NCLg357wh6BV1yeEnW3rKsyDRgdtQeUeopKUaivYDc9RFrMLWOjPc3I2lhVbVCaZXMQ4NwDuYuHepWOdzqptYQoSajNcZcvdPOLTCVVqmzXbXXSa0yLaViL35HyMppX7ZTUysS2XTnDUDJVbslYioAbnbaKAcr5EuyvYWHlvLpEBZXJ7RlUEgjeE1VqIzBytlDjlCXYqUFrtqTtC/Z06aVTplujeYMlGvhfGWwL3dmNJtSDy6kT22Dx1OvTVlYMDzE+bO3aUbBjnXTabeG8WrcPZAbuhNnF9j5TnljtvHLT6OQGF4jDkfnOdw/itPE0gyNcGdNXVxpOTp7UtTttEImkr0iMgMooktHKERYQLSXkk1gGG8W8N4DXkvFvDeAYJCbbzJiuKYLCC9bEIvleBqMUzzmL9scMl1w1Muep0E4GM9qMdirjtSi9E0lV7jE4/CYVSa1dF8rzg472wwtK4w1Jqp6nQTyFXEFyWdyx6kyi71jZFJk6iyWupjvafiGKJAqCkvRJxK2IqVWJZmc+ZvNY4e5HfJJP3VFzOpgfZnGYohhSFFPxNvMeW/TXjr288mHqVDr3ROrgOEs4GTDmo55kaT1mD9mcHhbNVvVcddp0xSSmuVECjoBJZb7Xcnp5ql7PVHAOJqZQPurNtPheGoCyUh6mdVliFY1GbbXPOGUfdEHu46TcUg7PykGHsB0k7EdJt7Pyk7PykaYuxk7GbMnlJ2cisRo35Se735Td2cPZyDD7sOkDYUdJ0MgkNMEQOd7sOkHuo6TeVtyitYSjH7uo5QdiOk0nWKQBzv6QKezA5QEqstZSeVpWV1sBcyhM5JsBLkULq8tw3D61U3C5R1M62F4bRokM47R+pl0jHhsHXxNjbsqfU7mdbD0KWFTLTXXmx3Mctb0Ez1sUtMbxs1V7VABqZz8ZxGnQQ94XnO4jxpaYIDazxXGPaQBiiPmc/SRXV477SCkhu9zyUc54zEY1sbVZq241AvtKnqPiHNWoQ7EfKVMGPhYAHnv8ACBpo1SgycujToUixXMpF16HcTmUnapTKs6k2up8uk3YR1uTcdGA5SUa6ZOS5IKsOu3lHSyC1rjlfmJXTHjDCynTTX4yzkabEKRsZlpahFst/FqpkVyBYgg36SIwak2dLEbi0YNmULfv8vP8AvCpZnupFqic+TCM1+yJpsAwFjeMW7QKGsrnS9+fSVqGBOYWINtdpqMrqVU21F9OUZly5SLBWN9eR6RaDKBfMB1vy8paSgLXGg0YfrNICfZsO6MjdeRjtcMCtyjC9xuJQjM9SotUt3TqvLyIl4yOrqDZwulja4lFRCsbuqM3Wx1kig4imMoKMu4NjqJIHoajlcOxCi6WLDrqL6xD2hqqouyi4ZvL+CFe/XUMt1OhJJ1BlSsCwoi475zBT5j9zPS85ypqhGW6A0iNN9IyEvVUPTJDg5Tew1/3h7WnSBUJmCmxynYGZadQ0aKdoz2Rbm++5F/TaOxpooC5Uhsyre99iPL4RKmqKVBCpcl/Qx6dVkHaLZzl3ta+x/UyOpUKXfKDcb6G/8EBALU+ye+VWIvf+cjK6jEUASM70z3TbxWMvXKqB72UqoJA+F4rlnKhBoBq176g6/SVFRCVKRFPu20Onlf5RKNCo9MnPmAW+h3lzDslYXRSGy2A1I2/aIgSgiKWJNQgAW+6R+/5yorWihWnmzEg5bFiPP8oKg7Kozs2VQBcc7j95KWTKlNmsVCkkcrGxlblK4dqlNHyMATm35XlQ5UEoabEug1ubbfwRa7sqGzgGptmGgIkpOapLUxfu3Btz/vFrUlJNdxdFbPr9R9PrJRlsxpVqR/xLBifT/YSBGem6BgGC3Xz6GBmX3hDT1+4FB1PnFpsEodxQGR7MrgggE3EiNmHx9TCvTxNJypqL3qZPPfWeq4V7QUsSMubK43UzxLW947IrYFgVYdTsYtSoXrVKdNylQJmVieY/uPrJcZWpbH1ijikqDeX6NPmXDPa18LVWjjGujC6VOv8ANJ7LA8Zp1kBWoGHrOVxsdJduyViMgMFLEpUGjCWGogGrASbVQUIggrY/C0h3qq/Oc3Ee0GGS4RSx9JqbqOkYrMq+JgJ5+pxvE175AEXqZz6+Kq1b56rH4zXjWfKPSV+K4TDjvVQT0E5uI9pwBahSJ8zOBUZVFyZhrYsLtGpFjq4vjWNxFw1YovRdJxK9Vc5LMXY8ybzLXxxOgN5nXtKhudB5zNykbmNrWzqqliRrsJWiVq+iJYdZswXCq2IYZKTP5men4f7M2UHFPYfhE5byvprUnt5jDcLaq4ARqr9BtPR4H2ZquAa1qKdBvPR4fC4fCoFo01W3OWkzUx/J5fhjwvCsHgx3KQZurTSekJMW8umStEIjmCQVFYpWXRTIKssmWPaCYaIVi5ZZJaFV5ZMseAkdYUuWG0hYQHMYENhEZwISvUwZRyEgrZiZWVJ3mgUmbYS5ME7cpdDGtO+8cUtLItz1nRp4BR4jNC0qaDQS6Tbl0+HVKh72gm2jw+jS1tc+c0FwolFbGU6Y1YRs00XVRYSqriEQXLCcjF8bRAQrazz+O44bEtUAHrJtdPRYzjKUwQpnm+J+0ORCz1MoE8vxL2oALLQOduZ6TztbF18RWJrvm+Okht1uJe0FbFVeyo3CH7xO85eY9pdgWN7QoFtlIuGGgP5SFCBkOx01PKVGpMoJF9QdBeQ0ibkOqg62/aU0l1KM4D6WNtCZpFFSUe4JGpt1hURFsVBs1r2HP0l9KqadNWABB3vzmfNmuGVjla6lenSbLF6tsuZKi3N9j5iQbqL5qee3LmN/ONfNTsTbWwPQ9JXRLUgMx+AF/US0Kr0rL01Nt+hmWliMPHbUaMIXXKwOYi+x6SpMwcFtSBqeompAVUgKOzI1N9oCqA6ktuRZl/UecsyllJA7y2urfeEqZQBYknTcan/eW07Zb3FQH7w3ImoiIoe5tqOnMeci0yXFSiVcXsQTuOnrKyxokZmBzDNmt4l6jz6y0J2uoK5Gs1wef8+RmkMncKrTXMo2PMf5T+kZmyMCqAkjQXtrK85psA4VkJsw5t5+ssU9ozZalyRpbn/eWBA7qNqy31soFpImWpYdkzZbdOckDu50WiwqLUbKbAjffS8C1L10DEXuDtqLj97wNnqmp2bKisLFbbnX9pepypRZrZbDxC/eE9G3nKaRNSu1s17HKNh/LRWIK2DlTUSwGXY/wQsxw9a7sGBOrA2tr+WsQEe71QXuiMCtjqCDtLBKpDU1qNVBVGBIBtpv+su7QEDKMwsQCTrp/tK2PcqKqk6m4OtxvFpo6C5DsM7FV6g/7QF1B2L5gV0OwubfpC+Vqig56blhe33sw5/GE2SlVDACqDy1FuQ+dorAdguTKGdMwNr94a/pKh6i5l31DBiD56SnK2IoqCQpSowOtra6fp8pcxLh6xHiO/QaG/yuZViC2YISp7Uakm2W/Q26wVnq1WqUszo6hb5su2ov+a/WXEh2qE02CuM2o3G9o1Nb5KveC1CLIx0B0tKxVBTIlQdpY09NdR1+nzEvtnQK3/OavlpWKgk7HcD5TPih7yoVAW/6dx8eXqBHuBSSpfup4lPMjy9LCKb06SsWyakXyag25fIyKqxApIKdbsySGBJH3fIxXphq7NkLh1YHpe+gv5Ga8PhvfKllW5FQ2IHiB1F/qJ3l4G9lZl1GotGqm5Hk+yr16FPKhs6FmuPCRt+svbCVq1dK6jJl3UDcEf7/ADnoa+F930yHToJjd2Gy2ktakl9OWeDNWyM1lZDcWAHM/v8ASbMNgxg6hdK5DE685YczeJ9IM4XQAkyd1enSTH1QNHt5wVMbUIvUrMfK856rXqHQZRLxhwFvUaamLNyBqzVmsojiiE1c3PSKMTToiyLc+kzV6lZwSBbzMtyxx9kxyyX1ayIu859bGgHQzNWqBSe0qX9JkbFgnLSTMfLWccuaX0648WvbRVrvU2+sxV2VNalQD4xnwvE8SbqnZKeZhpezVSqwatVZz5zlblXSeMZUxWE7RVS7E87T1/CeHcPZVqVWDE62mXh/sxRpkEpc+c9HhOD0qYHdAknS279NlA0KSBaKhR5CXdoDGpYFFEuGFSdPJy0z5xBm85p90WA4NY2aZix6wZj1E0nBA84pwI6wrPnil5pOB84vuB6yDOanlFNQ9Jq9wPWD3DzkGTOekGYzb7gOsPuC9YVhuesmvWdAYFBGGEpjlC7c23rCEJ2WdQUKY5Q5EGwEmjbmChUP3ZYMG53nQuo2tFNRRuZOhlXAjmZamFRfOFsVSTdhM1XilFPvCNrqtgpquwEhZRzAnEr8eRdFM5uJ487eFrRs09PUxVNBqwmHEcZpUwbMJ5HE8ZaxL1bfGcPHe0uHoA3q5jIvT2eK4+xuFNpxMbxwKCalUD4zxON9qa1S4oAi25PSciriq+Je9ZyRfrGk8np+Ie1aBilC7seYnCxWPxWMdhUqd3cC/wBDMQXvaKCN78pelipubZjt0l0mwIYBdr7G+ssAV1VdLixudLiINfs3Oo2PWXLTLC4D3U6C28CxQbAG5N7WHSWCxTOFBK7HpF55x90g22NuvrLKKGliGKMctQZrdf5vIp0N6bB0IJ5WF5aBVHcL3BGotbluYM1Dts6vva+lxfkf0/3jgMNM2R7WTmp5WB+l/TrIq+mgGoa5YC9h4h6zQoLmwNsosBfn0P8AOkx4eqlMGnWRlXW5bQ0/hLlslRatWqGKdxhe1x19f7wrXTdSRmIDeGxFiP5/Npb2RRS66lT3hbRhKUYtUsxurG1NhyPn/P1mqnUu2RxkJ0sesig5PZiohuNNhy6x6NQuzquXKdgeR/aJTVkrNTBsCt15285MMKWbUNmFxf8ASBayrYIRYk2It4G/bpJSGVXRQQp1B6GEJ2ysFYvZbHq46ftJTGRL5iW3BP3h+/lNIjZmppVF8wOYW28iPI7HpLAVILorIrCzi/gb06R8P2RtTNYZX7yA7X30hOajUz5xlItlO56qfPpKirCJlW9VyKg3J2PQ3/WWMtyAQLkXVlNrkenOMKLEOFdbL3lOUbHyi0cpokMcpBHe/CfL5y+xnauC7ntMThzm7yLa1+skvrM+eznDhgLMKgN7/tJGx2GUAAhcpJvZjvryhqOioquhslaw6ytQKzsGP+G1gFO+n949UBaZI0IYMrN1noecK4LZKtQ2GTUaW0tGFnNch2CZQcy7fzSIHK1wWqBmbMqgr+ktpOtTC5mv3xlFhtoflKCFfuqbhi1mJFtSCP2ikDtFCKwZksbHQka/qYbirhzVsx0zC5tra/6SXU1GBABU90+R5j5xsKFps4G2tiOdiAdoMop9jTIK9lUPh10N94tRStFagGza9dNvpLXqI2KILZNiOp3tApDhSUaozBHU2HQjKbxHpZK9KlUqtYNcFjqTpuPVSY9VO0pOwIsUGx05/GVvSc4gm7ZSvdYDmP8Acy7QQ1kqI+VmoMW20Avf4m0pNJqj1KynKO1UqVttsdPgpmkGotF+3A8JBDMCWG310+cqwtNabZVYLTcWsBYDcafIQiELSw1TW9nzi3UAcv5tBWqBKVdRqaRBA2Omo/WOWZq1VWsWQgr62/v9JR29Vaiqy3OgJBve21/gRIq3hWOXhtWilUXLVCl+uul+m4+c9xR4phKlENnXbrPnVSiy1KiqC7BiVOxLBbj/APmFnJZlRyodQ6qGJsLfvf0i7s0SSXb6E9bB1dSyn4zBiaWAILZkE8DUr4nsgKVeoCAQTfpf66fWYsS3FUqil70XuAbTnrJ0lxr3FX3LW1VfhK8+ETUMDPAE8RV7NWOjWNv5/LTQnv65kbE2IFwBqToT+hk8s/pdYfde2OKpAaECZK3EsHT8dZfS88kDiKhArVaxJGYAHlfn85Q1FKVJa5V3ZDdwSPLaZ1nl7qzLCeo9FifafBU7iiDUI6TjYn2kxmJDCkqUh5m5ExhzTuCilQ19OY2/UfKJWd0dnZUdde4QL23H5/WJxz7S8t+lZrYhqi1a2ID2PeUGdrAe0OHw3Z06mHCltARqZwqlzXKUlKKps3Qbc5ViFsqMCXABbTbTT6j85vUjG7fb3tDjmCr6doAehnQo4qi2qOp9DPmLOEqBkUlyNGPM/wAEFPF4rD/4FdxruTewMaWV9eo4wLzm6lxFRvPkVP2n4hh3Cg5gRpc8950MP7a1QoNaly5SaXb6vT4lT5maFx1I/eE+X4f23wr2zkrfrOhR9rMFUtatM2Lt9EGLpn7wh95TqJ4an7QYZtq6/OXrxqmdq4+cmjb2XvK9RD7wvUTyA4uDtUB+MccWP4x840bes7desHbp1E8p/VW/HJ/Vm/HGler94TrF94TrPKHirfiiHirfj+sD1pxKfiEX3pPxTyLcVPOp9ZU3Ff8A3B85B7E42mPvStuI0h94Txj8XQb1l+czVON0FFzXHzjS7j2z8XpDnM9TjaDaeGq+0eFXesJgre1mEGge/wAZDb3tXj3QzFW447bNPn9b2wp/cF5zsR7WYp2IprYWvGjb6JW4u9jep9ZzcRxykl89YfOfPq/GcZWbWqQDMjvVrE5qrE8tY0be1xXtVh6d8rXInHxftXXf/CXfacALcgnW4sTzhZcoFtr92XSbaK3EcZiSc9Ugbix5Sgi7m7Fs214VC3uTv15S2wIAPWxgJbL3SLgiQC6agWHMfSMCFOU6cwRyjWIbNl01/v8AvAammY5sxGl1H5xlQGozWsedx9f55RqSE2s1vw3F44uwC/e205yKKKabgtbK2ucC4Pw/m8vpU1FsrGzWPTz06f7xFpoaRszZlvcX1H9o4a1G+UFhyIvf+fzeFOFLZLWVmvqDo38/OaaeiBAmZhp5A/pMy5WT7NgKg7ykaW6iaKbl6a27tO+WrlIuDyOkilWmaYA2Kd435qdP5/eXuoyKjaNqUYW16gyOFqNpcdoe6SOf7GGhSLPcsFY+FOdxpb+eUgYV2U/aEMCoDs2tj/Pyly1kpHPVoZgV0uQbHpFp5ajkVMhzabH4fz9o2HpCkAz0wQHsba3HI/CFW0jmVbqRTfRlFu4d/wDbz05zS9jlqEhils9hfN0YSmkFp1SrMSrWDAi1xyI8xNS0jl1IJpjmdGB/Q/QyKDDOgIuCDdTbwHofL+bRxTSq6ubhh94fkYlPOUamGBy7A7284FaqaAbIQykhjbT4/kZRdULOD2OUG5Nidz+36+sspvVygWsw7xzLqf8AaVU6yuFL6020ZW3DdD/NZZ2bNT+zLZg3dOxB85UNRem1aphqqqE0sMuqn+becIor2ZHaZqlyL33i03Wsftk1TQ2/aWJmGao5VWB1Yaq3RpUUk1BXAdCzDbLzHUecOSqptU71Fza99fL+3xEsLVDaooAqJo1toXqs1I2uxO6nQGBDSVTZ0zW2N9x8pJTnKd1MW1HqjHUGSB0lcrUqWAuSG0v1/tL6uGxTYOjiGov2DOEWpewZvLrsZmuWclTYAEN6jYfWacLWoDBZKpZf+apOQt75QGvY/ETvuuPTW3DeJJUpI1EFyWGjqwuACbm9hp1tAOG8QtUpLhcwQCqxUgqF3vcG3IzoYniODxf2b8RHeqOVejQKqoI2cW719Bz5zPVxtBuJUqzV0q9nQamzpTKLmKsAAttBqBt1k3TUZEwmMr4E4gUVWigJSzgMANCQL3IEd+F8RTIvYqalTKi2ZSQ2XY2Omg5zRgsRhcNhKjtiyO0osr0GpkuDrYK1rAEm+/WbsRxTBVCRUxgZHc5TTolWRSjLmY27xGbzjdNOVV4ZxGoWpsii4DZ+1UKFOnivbfzlaYHFlnZuzTsyaTGpWRSWXlYnXflNoxOBo4bDYenxFFOHu6u9FmpOSTcZSL3GltOZmocWwxq1CuOK0M9Q1MO1I3rX532sfO1o3TUcOmDVWpTAA8RHK95ScQyUQo8SEgkm4OnKW4cZKli1yb6Hlv8AtKa4JxNUU1KlGvc67g/rOsYoUsy4GmTSvUp3BB0F7afW0cInYC9SwptudLm3P5CKWCKTTtZamW7akk6j6xVLpQqK1C9OoMwBNvn57QGrswHbIpDXBI3PPX5yvFNeuCqi1QNTOvhuLqT8xLgp7ENZVV0ygg63iLYk3VhUVRb1W/6WkFCVAtKniVYAh0dh9DKXw5pVOxC3YFwCRcWtdSfKLTS+DqUbHK1+9f7p0/MiOlYO2GrlSUZQh719QDr8xArOH7dHUMAQVcMRa+l9vhMld1WgCxH2bBAy6ZQCNfW1vnL0pMK9TtRnTsWCa6d03WV4qmcRQam5VRUpgqBrfzv8pBViAqdsSMrBi1JCd9zy+MSpR7eotRTlp1GBB30Nib/G3zmgMaytVsCaRV1z6aHf4bytqaJTKIrAv4VU6A7i385SjMKrrQNML4VsGC6b/wA+cWmxpfbG4BJuh26fHaXVLF6dWmbrUsjg6WJH9h85QwGZlrMxL3Ui972FwR8JBRhKdqlWlVSxLEE2Og5a/EyqqamZVXUgAEHfQX/ea6faNnZgLqALHr/B9ZTVQLcVAQ5OZtNbjpIrPiKbFxUBBFVMth1H95XZQGOi9/ugfL8vylxU9gzgHS/dJvl5ft85XUorVoZzpcliqnU9R8JBkxFE9l4j3WBUDUAevwkKo6ggjKBew+o+v1l2UqgUvbszZz0/mkGUU2y01AQm4vzX+H6SNKArOuUFQUa6ykkq5A0Q94XGx5iaRSyufvEG1/1/SUubOQDcEczuR+8Cp9aZIt3Tf1ErYEpdTrceVv5aaGQBCLDYE67iIF7RSt75TYmRVbuUsVdyTp3WhGKxKsq9tUAG4ihAVJXrqLW1/n5wZXYEk30NtYosHE8bTpsO3a66WJ3li8a4goUnEHzmQqpIZrm/d0ikXGVr6aaSDcfaDiQBIq6Dfyh/4k4jp9p9Zz8ovrzi5Lg6/GRXSb2i4jt2vxvFbj/ETp2tj6zm5dCOW0Ypp3jY8oGv+t8QbQ1zvvKzxXHFxmrnTQ2lBpa7anf1gynu+UCw43FMbGq9j5xDXrX1qM19CLyBBmIvodZMpJG29pBWwfNYljz1MlrHzlmQ21Yet4SuuUHwwKwLg8pMljddOt5bYg5SL84SpIBAPnAp1ewA+ka42y6rzEuRLhmCnXa8bIGXvC1tM0KzixOYC4tHRdLhO6dbHlLBkWxHhbkYaVu9l5668jIFSn2rFdV01joim+c2y6RwCCCmvTSRVOYi4BIvqN/5tCkCBaigqQCbesuQMa4Rb2J0MiIGAYElhup6RxTDllUNlve43ihlVVtl8PIjkeYhy3N9yddNCD+8cFgChQPcd6w3EIyXsAWUm2m/kZAy02bNUAQtkuL7MvMRhT7hqU3IKgZhbcb39RLTg+zKtqQfFY7CSgjU0ajcEk3U8r9PQ3kVZlpkU61smbcrsT/fpLKFPtXNRHVFPiXoREp0hmFP/pbX/D6yzKaYDoiMUPe035Qp3VDUemtO7Ed0sbXgKM+dzTCuptUt15MP5+cur0VrYRWoHK3iF/ut0jqEqpTrWbmra29R5yKCP31U5SxGZT1bpAanvDAoLEghkbQqY1jiC9KiVQp3hnGht5xXSrVZqiqErqMtQcmHWBfh7Oo7bcd1h06H+dTNJQC24NufPyPX+eUppYY0ytQt3rd4Xv8ACalIq0y9yCuhufrCkSlYLUpk2Gq9bcwTLqVNEOdDo566Hy/n6RqI1VTdb6WvpeT3daQYIGKk3Ivt6SoR2pI5zHQjUjUHoZdTWxtrtbfceUrxGRaqlQuZhsRbN1+cNJhlGRu4NRm+75QAwAq5qoIcbsNmHX941OqKTBALofC3ryMd0SqBa2m4vqPOF0TJ2FRRa246SorOYVC9Bu8ouVbZhFdlakpp2GY3XXQHmDI7vQK02GcWsrHdv7ygko2dQOzOrr084VZ7xW/BSb/WdR5GSJUp06zZ+yDXG/WSB1UphFd8wvmuB0lY0oU+0uDcX9QZJJ6pI8y6kcy+Dwm3Qect7NDUf0zW5CSSRR7JDdja1idfIypxSakpW7kja9h1/SSSWRKcUlrYOn3QHINtbDpGo0ELXOrEEWJ3+EkklIjomdzZhqNuoMjKatbNk7pUHU7n+CSSUV9m4ckhQHW4A17w/tGVO0SmHDXDEkbaEHf5iSSVC1QpdVQsGRiyDrpFW9MAsLsWK323/gkkkVU9NUpNSp1F0B0I2B/glL0qWHoKWUdkTntfY+L8xb4ySSCLiEqoSfszTbYbMDr/AGmdaaVEagjAFVKgHddf2kkgJXpCo4VGUuKeQm/Q6fnKlpjKAxbMpAA/X5H6SSQivEKpq1adzdspHQMDpABSak5OYBSLa7AH9iPlJJIqkoV7lMsSxtc6EnkZSKS1XAYMGyE9b2MkkhCVQrVL09Ay95VHLYn+dJmLhqVOmlMEKb+Yvv8AzzkkhqJUotTq2vmZlCkX/nlKXCK1ImxKnLpzB/hkkkC1DkazKQDoWv5/vMxoMzFiAwU2N+fSSSQCoO6LWuosQOkgXLduRHKSSFVnKrhibk6+sXLc2TTnv8pJIoQIWzLbKTrpAB37Bhcn5XkkkVKiODYgKpPLlDSRbEAXUaG8kkUQUlQ2sRmN5TUQu1rDNe1+UkkgdAS5FrE6X6GDKutwQT15GSSA2QXKg6736Q5A6kC1idPIySSKXsWS4y3sem4i9ncXB1B38pJID2LIDmOmt+ca121vqND5ySSBkQlShOu4I6xB31OVTcDvD85JIDJ4AKhJANryxUqNWbL3TbpvJJAiKy59dd1B+stynJqo336ySRVMULZCpFgeUdaZYHs9NybySSCxb0HDle6FsD0jLSUVgabG5PIaCSSRW0lMxqVKliQLFdJSq27rbAEgcj5eVpJIVY4DVFtVYCoNb7E+cspKaLqK1gT3d9vXykkgWoiIctVWUE7g3F+sfI9Cq7EXQeNCNGH4h5ySSKuPfUjMFJsCy8uh9JZhKNSizKai1BJJAuyBXDJop68jLFYhgVUEsbMskkKDUFrJlBYm2g5/7iWisQAma5OhDC2v95JJSoX7dWokd9CCLb+okRiqEtTGp7xA8J/aSSVDmlTyhx3GUaWgU5++m4OxO39pJIFea5IyHLe+m6mVFczZ1HdOjqOR6ySQK7VKXcpnKo2F5JJIH//Z','Cappuccino',1),(2,'Coffee, Ice, Milk',_binary 'data:image/jpeg;base64,/9j/4QCkRXhpZgAASUkqAAgAAAAFABIBAwABAAAAAQAAABoBBQABAAAASgAAABsBBQABAAAAUgAAACgBAwABAAAAAgAAAGmHBAABAAAAWgAAAAAAAABIAAAAAQAAAEgAAAABAAAABQAAkAcABAAAADAyMTAAoAcABAAAADAxMDABoAMAAQAAAP//AAACoAQAAQAAACwCAAADoAQAAQAAAPkBAAAAAAAA/+EDBGh0dHA6Ly9ucy5hZG9iZS5jb20veGFwLzEuMC8APD94cGFja2V0IGJlZ2luPSLvu78iIGlkPSJXNU0wTXBDZWhpSHpyZVN6TlRjemtjOWQiPz4gPHg6eG1wbWV0YSB4bWxuczp4PSJhZG9iZTpuczptZXRhLyIgeDp4bXB0az0iQWRvYmUgWE1QIENvcmUgNi4wLWMwMDIgNzkuMTY0NDYwLCAyMDIwLzA1LzEyLTE2OjA0OjE3ICAgICAgICAiPiA8cmRmOlJERiB4bWxuczpyZGY9Imh0dHA6Ly93d3cudzMub3JnLzE5OTkvMDIvMjItcmRmLXN5bnRheC1ucyMiPiA8cmRmOkRlc2NyaXB0aW9uIHJkZjphYm91dD0iIiB4bWxuczp4bXBNTT0iaHR0cDovL25zLmFkb2JlLmNvbS94YXAvMS4wL21tLyIgeG1sbnM6c3RSZWY9Imh0dHA6Ly9ucy5hZG9iZS5jb20veGFwLzEuMC9zVHlwZS9SZXNvdXJjZVJlZiMiIHhtbG5zOnhtcD0iaHR0cDovL25zLmFkb2JlLmNvbS94YXAvMS4wLyIgeG1wTU06RG9jdW1lbnRJRD0ieG1wLmRpZDpFRTdGMzcxRkYxNzgxMUVCODRCMEVGQzRERUZEODQ4MiIgeG1wTU06SW5zdGFuY2VJRD0ieG1wLmlpZDpFRTdGMzcxRUYxNzgxMUVCODRCMEVGQzRERUZEODQ4MiIgeG1wOkNyZWF0b3JUb29sPSJQaWNhc2EiPiA8eG1wTU06RGVyaXZlZEZyb20gc3RSZWY6aW5zdGFuY2VJRD0iMDAxNkMxNUYxMjVBQjFBOTAyRTBGNEQxQTgzODVBQzIiIHN0UmVmOmRvY3VtZW50SUQ9IjAwMTZDMTVGMTI1QUIxQTkwMkUwRjREMUE4Mzg1QUMyIi8+IDwvcmRmOkRlc2NyaXB0aW9uPiA8L3JkZjpSREY+IDwveDp4bXBtZXRhPiA8P3hwYWNrZXQgZW5kPSJyIj8+/9sAQwADAgIDAgIDAwMDBAMDBAUIBQUEBAUKBwcGCAwKDAwLCgsLDQ4SEA0OEQ4LCxAWEBETFBUVFQwPFxgWFBgSFBUU/9sAQwEDBAQFBAUJBQUJFA0LDRQUFBQUFBQUFBQUFBQUFBQUFBQUFBQUFBQUFBQUFBQUFBQUFBQUFBQUFBQUFBQUFBQU/8AAEQgB+QIsAwEiAAIRAQMRAf/EAB0AAAICAwEBAQAAAAAAAAAAAAMEAgUBBgcACAn/xABKEAABBAEDAgQDBAcECAYCAQUBAAIDEQQFEiExQQYTUWEHInEUMoGRCBUjM0KhsVJywdEWJDRDYoLh8QkXU3Oi8CWSJoOTstLT/8QAHAEAAgMBAQEBAAAAAAAAAAAAAAIBAwQFBgcI/8QAMhEAAgIBBAEDAgUFAAEFAAAAAAECEQMEEiExQQUTUSIyBhRCYZEVFiMzUnEkQ4HR4f/aAAwDAQACEQMRAD8A73Lj1zSrsiEg9FsU8BHZV+TEfRbTIa5lRUEmYyArjIhJPRJStcOKFIAXaD39UxCLcR6FDLTSYxmU4n1QA7Awila4w45SEAugrGHomSAsccC1ZwAFw459VW4/VWMJAIUgPxjj1R2AJeJwJTLHNvqgArWAd0J7FNrmkdVhwJQAq9tnql8k/LQTzowfVKzR8lQxWuSjyGlxKr5ITZvhXk0PJrkqvnjPoootTRTyRG+FiNh7hOujNmwoeXRQN2Zi9KR28OQmFwPQIwNGyLPsUUSHiNFNNd8qVhJd0aSPqmosTIl/d48p+rUFUotmWkmiisAKPFomfL9zFkA/4mqwxfCWpSkf6u5vuVNk0yrApTuxSv2eBNTk/hAH0Rh4DzGjnqi0FM1to91NgK2MeB8pv3jSJH4MmZ95/wDJFhTKFjto5Xi6zwCtkb4WAHMnKmPC8W3mTlSpJBTNaa8dNrlCQ89Hfktpb4agA/eKT/DkH/qBNvQUzVSzjoUMs5qgtr/0bg/9RYd4dxr4ISuSYbWak+HnsfYdUB8dH7pC3P8A0bgJ+8AUKTwzFfEiXcgpmnCK74UTBS213hpp4EgBUHeFyekv8lG5Drg1TyyCiNHNd1sUnhZ+4ftP5ITvDcrXcOH1pWKaoRrkpgC08jleo3atn6Bkt6FpHuhu0fJb2CbcgoQMu1R8xFl03JYTuicfol5IJGH7hocpfciG1hA7nqmWODqCQDuLLS0+6PFIBzYv6qE1Yo42mnrakHDlLh4I+8p2AOtqx8oiyTnUol1jlQ3CysOI9VWTZF76BS7nWUV3ohPbXIQMnRHcssPKxSyGkIBuxlgAHVNwmwkomlwTUZICBRkHilkIcfWysueB1QBLgH1tRPVQMg7L3mJWLXJNSHRC3blNppoUF66J37L3Hqo7ljhBIa/ZTBrsgtka7uph/KCumGDeLUg0lRjfdIwPHRApps0djoq7IiJ+it5Gn+zaVkjtAGuZERB46KvyI6NUr3KjsHhVGVG4OtSQnYkY+OiLEK6rJC8OylIkdhcB25T0DgOptVTJC2ueqcgeE+0C4imDXCk7FkWRyqaORNxScdUNUBdR5ABRhkN691VRGxaLvASgWzJmUiNe2r5/NVTJUyyYVSlKwHmygj3QpDu6dUDzR2XjKaNHmkNURYGSwSkZ/uk9gjajqePp2IZch4bQsuJ6KXg3SsrxvJ9pAGNpf8MzuPMI7AJbIaZWsgky3hkMb5HkcNjFuP4K70r4f6zqtAwCDj+I8/iujaXg6J4fhDYWNllHL3VzfpasB4ol3N8mIRs6cjlQXR6Nd074IEtDszLc13FiNvH5rYsf4R6DpoBlLpHf2nSVf4UoT+JMp9A5Xlg9QFQan4kmMgDsyWQ+0hAS8lbbs3XG8L6DgM3DHhcB68rE+r6HpgfzC6ulBc7yPFZZHsAc+/UrX8vUzPdNT0WnV5PGOlbxtjc4X0ATmPr+LKwvZHtHYELj+NnyBhoUfdHGtZTwGNkaB3pJaJOtv8QwxNLtgPstbz/G1zFjYuAVpP6wyT1m49igl+91uPPqj6V0LZuL/FjpexZXok8rxLNI2mO/MrW2ybPuu6qJktwsbkKSBqyyfrOaXH9oAsHVcpzbMhv2SIldYoUETzX+isSQqtdk36rmA8SuCH9vzXcmYrxe4/whTHToikTuMfrHN/8AWP5LB1DKa4Eyml4DlYe3caRSDcjx1jIB4kcsHWcn/wBQoRgO5eOOQikG5A5Ncy2n94fxQ2+IsxpP7VSkxyP+yAYDfb8krig3DLfEucOjg5THiLKJ+d1H0CUbDt5IChK3aVNIRtst4fEGQ4AUHD36psa3KWi2BayJtjiCeqI7JLR1NqHGKJpmwt1t3NxX+Kk7VYX9Yb/Ba/HlBF+2lLtiPyWE0uNKdxjLfqOEvJh4s3LXU724QDk2bcSCOywMhhd8wsI9tEuUibtMcyy2TjsksmTIw2klhc36K0iyouA4CvqrB5xsrG27h9FO2uV2Vb/2NQPiLHim2yjyx6lPQ5sGYy8eUSm/4UPUvDUOYyQgBx9loOsYOf4bz8efGcWRkgFhtzXc+gSqcrqQ3FWdI4HUUfRRcb+iDiCZ2JFJLGWFzQ4gogIIsdFaKYAslF2FRYyyjs5QBOJpCKPRRY011UwwkoIboyOFF/HKmInA8qLmEoJTsA9xJWGkqTo+VjZSigJscRwjAWEBoophv3QoodSRAv2mljeFiRlklCUApJhQQEQPFhCLR6LzTxZQMORvrlHExpVzZeUYScIKircw0KJSczCD1T+y0tNGmoCpni+ZthVeVF8poWLqytgngpVmTFZIpCRWnRQSMIdwF7YaFilYyY55QnY5pWJEWxVkZceqahbsuysMiopmJu0FMCbbCwjceqdij6JSL/FWEDb5Q1ZYlQaMVwigD0WGx/Mptj5S7SSLOqIJBYQzGsD7pUpUAx5lLxm2AuPQclCj+8FiQ7QXf2fm59kNWI+zSviNBDn4Yinym4sjCHt3uIY4dea5/LldP+HXi/S9Z8NYceNl44EbQ0sjduFjiw4f06rh/wAdMXL1Tw5mx6NKyLWWRXj+YCTI49hXeiVwzSjpG3Hwdf1LxB4C1uOIRiaKR2OHP7ODjY6pHER5KdUfoM6eMPqMV83JHdEkyjZ+Y8dOei+Y/BeL450zHjdovxV/XmBRLotX0+POa4d7kjc09VvOL44+ImEGDI07wrq7+z4MyXDc/wCjZGPo/iAq3waFLwdTzckbDfJ9VrmXkgyOIFbStff8Q9SlgcM/wdrWCejzjyY+ZGD67mvuvwWYfEWDnubHETjPf0bkNex3/L2WWWWMfudF0Yb/ALSzmzgdz76NSDs4g8OI+hTL9Ny3tH7KaRvqN5tI5GDNGLkikbXqwhPHLF+Q2P4LODM+Q89kP7ZT+Ck8eVpFFwF+pWTGBIHbgQPdRvRG1/BYDMJHU/msnILmiifzSTT36plpto45TqW7wxtqGYZC6+Sm4uUlGNu33TkJFdeUyi34K3x5X8jcbLbanVITBaJvANcK9Lx0I238fyZpYcwr24HuF7zQPRNt/dCfwRDDan5fKlvHqPzUw6PaaIv6qGq//CHb6aBbL6n8Vlsd8dvVGsbeqwKNCx+aXiumSk/2/kVliJ7ceqWMBtWRhc4na1zhXYEoJxnu/gdx7FJviu+B6EzDXB5QZ4/nbasWwdR39B1S+TCGREuoD1c4N/qjfF9MVJt9FQ+KzdWb6oZ90yX40p2DIx3PHVgljc4fh1UhExsbaje5jXfeZC51k9rYFEpw+S1J9NCoLgPurPmVyr7D8Havn0yLTcloPQuxnCMj8Rat8f4Q6hJ+0yc/GxfUtMZe32PZLuRPJpok3DnkrIFmh1XRsb4UaXFTsvXWPrktjLASPY0rXH8E+DtPAfKJskAWC+R7gfw+6i2JuRyN4cAPm289/wDsVaaZpmoZcgbBiTTbhySPlP1NCl1JuqeGtLBGNobCAK37GWfy+brSsIvEefmPYMTS4IePmceAD/2Ubn4FTjZz/E+HmsZMY8zZjsfx8p3V+KutN+GeDNKHS5AnnYbY0jgdjwtky5J2NMmVqVzNIe2DFHzbkvo+vYg1B2Pjw+S2zu8z7xvqT72rUnJUxG+Tnvi3FjwpnQxEFjXUHDuPVa+GcCuAt88dYG2WR/FHkV6LQ29VYopEp2FjYjsi9kFj6Kag/gQ1QN0EgjJTTIQewWIWcJlkaURuwJx0GWEtFqyEVtQXY9oJToqXMNrwYaKfdjbbQjB1QTuEqIciA8Ij4qtDIIagimyLyogAgcLLlgHgKKGSoyvVS8TwsNHFKB9xmh6KTeii1lG0UdFNCiXRYcy0YR2FEilICT8cJWfHBtWz2A9EtLDz04UrsqKeTFB6HlKyY227Nq6khHNNr3SU8fXhWAVZiAdwiBopF8unGwsOa0df6IJiqZ6JovqFYQUK5VeG04UnIfuA9kDt0PN5HHKygxvoeykXHrXChuhdxiRx7Dash24t7/LS9IohpPI4rso3Dk9m3n0WA8Xte3cxwIcCL4peBN8hDyHFkbnDsLSylSsSR8z/AKSHiNw8WeGcDC1F8Wa/KbbGtsSAV19KAPPqF0qAYuvQxw6rgYWpxNjaA3PhEvbjcSet2vnP4g6lJ4j/AEnNPxXD9hhRn5ff1/8AvqvpPT4Gkx0KcG/MPelbJ1GyiKudhNB+GfhHHle/TdMn0V5G4x4E+yLd3IBd8v0CuMfwxquGf9S8Sh0J5EebiGQN9uCb+qLpUZiI+bdwbPqrJ2WW00CuFnUrRqWOvJjEg8Q4zW/sdIz67wZDsV31NlqemZqedHs1Hw/LM2Ru39jNHktodDbga/8A2KVjynk8ce6zKwS8kEuPV28C/wCSqcIy+5WXJuP2sXiwcDCO9uDqOmSjq9scjKP0a/n6qwg1t8Pyw6zqLR1+fKmZ/JwclXZeRiNAiy8yGuPlyHEfgFga3qQ65srh7yOVTwY34Lfdn8lszXc7JkZ//IMkuIoB0kDgT7gs5+i87L1KU0zWGueem/Bw5R+IJFpfF1bNLa3RyA+sTK/opnUZQwMfjYz7NkGBn+SV6aDGWaQvNBr7pAWalpsn/DNocJFf8jiq7IwPFwEpbn6Gdx+TdozmbfxB/wDoVq7MjIF4WIQewgA/pSwMqA9cHHaPaMj+hVL0MX+p/wAlv5l/CNdMfjpmRudmaCYq5ijxJIefQHaeP81iUePtx8vVNGgb2YIXur6ktC2YGKX7mNCyutbx/iiDHZJz5cQr0c//ADSrQR/7f8lq1rj+hfwabLD8RZWtDde0lh5usUGx9SnZsL4i/abh8Q6C2AAfK/Hok9+kZH81tMeDvG1rGfhK8f4o7dGmoU6Mexc8/wA7U/0+P/b/AJCXqHH2L+DSmaZ8TC4n/SzRAKra2HgH/wDtKH6p+JrRz4z0oH/2mf8A/JbydGyDx5jG/Qv/AM1n9TZUYNvhcLA539fzR+QX/bFWvf8Awv4NFbo3xK3Rn/TvAoD5qibz/wDBZZpXxBbLIybx5ig9DUYsfkFvMek5Vj9pCb6Xv/zTWn6ZkecXuymudGwmNr2uILvUc9vdT+QX/bG/Ot/oX8GkM8O+NnsO/wAcu293RxvB/OwnMXwX4jmMAm8bZbuRdeaPfsSt1dp+a83Jmu47xsHPtyp4ukZLInluU5hB+4xrCCffhStCl+t/yVy1kvEV/BquT4QfnyCSTxLqG17i4NjY7c0dKO781a6V8ONLmkHmanquaa+65rW//K+FYnR81srmx5juOltZ0/JXuj4ORvZ5uQTtFcAD+gCs/Jx8tlX5zIukgON4C0RsUTTDn5LWn7vn7PzIAtWUPgLw/NtaPDeNmPLq35JfL9BR6q4jxHNjFuP4r0hyIGVFM+MO+QltcE91ZHTQiUyzzlyyw0PwzgaRQg0HScAhpIdjQBpAvnjbY5VoJ8mKhDA9vo4EtDf+XuldAyJJ2RNlmc8tDmOeR1ruro29oHQ9yrFjin0Z5ZJM1rP+1zk+fJsP8LGfeHvu7KvkjmdE/wA2WRkbLkJLzTwegHy80rTxPE6PEfK2myHgcrRo9QzpHAeY5hFxAnna5nN/jSuqPwUXL5Nrx26VjS7ZZ9z20y3M4G7nn6q4i0fTJ4nTnDLmAF20kSbm/wBn2+i58zXsyLKhLYoy+WGh3NA0d3v9FuXhfPly8WN053bCYLb0cCDyoLaJx6vpbC0PxGYj2cF8cYIIPToSpHVtKLXf69kOJJpgi4C13WovIzCzoRw9voR0SmO3dKAopBtRc5uI3OhfNizeds5LAdrq9bVBiag/C1iMPvdvog9R+Pf6psZw0kefucx0bSdzOSfalQ42oSZmRPJM0OdG4F0nch3S/dDn7fL6B8KjdPG8DZII3jgFoP8AJcvdGGyOA6Wurawz7VoUUjx91tc9vRcumaWTPb3tXxe5WKnRmNgoJuBnKViBI45TkII6oashsdZGjxx1ylmSEIoyabyo2kDC8QD1S32mgaKGMs7jaVqgvmhh7aS7/rwsPyb4QnPJUEkZXgdBSCXmkTbZ56qLmAFBYugDm7ue6ERRRn0CUItNoJIUQpeYsv6IRcAooBmN9ooPCSZJ2Rg811RYEwOByFhzQVAEkgeqmDakTczHy+/5KD2goraJ6LzgLUrsXgRlaAkJmBx4VrMyweEjIzaSSFYF0VzoyXUhEWOB1T1DzOhQTERQQG9goseh6o7Y9vI/JFjZTeinQIIrlAW2DaS76qbj8oUGmj0KmW7m8KGrAg4l3RZY4igsgEqQbfKVqixOyQFlK6tM2DTJ5LPDSmboE+y17x5n/qvwlnzuNbInO/klq+GRI+N/h08+Iv0hPEWdIPNbjuMYd6chfVOkxBzpHn+1/gvmD9FTDObn+INXkbxkZchBd1PPH4L6p0hoZjSFx5LrFJ5OiqK5sssZm1gDfvdU6zD8wNce4P8AJU+LOTknngBbHFO0QgAc0Df9VncjYugUWNVEdDymBBxwERpBF9j0+iI0Nd2/mm2t8klVnRgdkoWmlZZlOJAHdLeUfRLtQBdPNtFdVaQ4glFkcpXT4QO3dXmM1rW3Ssor3Mq5sHy2D1CA2Dceivp4w5h4SrcbuAlfDDcxAQ7R8oXg0i7NKxOMaNCkB2MXdU3BDdg8abbJVk/greJxIBSGHAGvFhXUUFgEIsSSFi7kocskhHHWievfsrHYG8bUGSIFzuOnKExEIh8oa7jl3P0KI0uMgIcWkAAf4oxhaP4f5rzISTYU3RanSGI8iRrQC7c36J/EfuEjTxzarwwir9Qn8Tlz2qLEcmybKElnqE9phG/b3JSJBDjf0H0T2lV55J7UiwtmxsbcY9Urkl7ZBQbsAJN+qejLS0/VByQ0NNotBbDaCRtLbA3urj1K2PzA48rVtKc3ziA6roi+xB/6rZmiySOiUGr6KDxo536vs8D2WlRxubkc2Dta1pvp7/it68VAfYyHCwK/mtJjjlkymOEpoyVRr04U7StciD423DfyWSAPbra2fwXkAYL2m/NY+N1EUNwJVLlYzDFO9zT5kEjWgCubFcJzQJJy6YPAHynbR79rUF0eQ+vsP68zQDYL91nuSOUnimpmu6NsglWHiEf6+19H542vsfTlU+9zYzRBIN8IqwvkV1+KQM+Tc5pcbodqWu6L4hn0zM86JjXh42PjmbbXN6X9QtpyZnS40zXPFtYaLe60ahJKdlizwD2T0qpk1Z17SpzneGXskcXua09Vz3NZszXXxa3fwDKJ9OyYnddlC1qOsxeVqJaRzZTR+CvyIxODKtMsfyliyioCQs6lOJZYGYDuhyT00+qQfkc9UGTIPqglDxyiAbKH9qN9VVvyD6rzJXOPX8yldDKKfJbfaHOqj+ZRGyOJVa15FchMxPNcpBmh4OJ5KJQIspeN24IlnbSCV0Rl2julpH0PZGlFjqlpjTQEEkXyoD5haxK6u6WeSD1S2PtQz5tc2pjJ4SPmWphxrqoJ2osWy7Qe/oUZj+iSbJaOw+6czDkbgQeOiwHW66WISD+KMGC1ZSEAvbweEtKwEHhPuaNpSsjgLCkmyvdF8xURGD2TDnDcVj5R3QQDDAe1LDoSaoIocLoUVMfVBIs5ob/Co7Sf4f5pl8d8qHlv7dEBZARhoWWM4UyDS80Fh5HKKLIkDHVg+hXL/wBI3VBpfww1mXds/wBWIJvoCKtdUIMny1V8L5//AEwtQcz4cyYrBzluZDt7kE8/0VcntaCRo36NOj/q7wDjvc3bJLbya7Emvz6rvmkRbsEnrytA+EOjtxPB+mwkH9y0XXt/1XU9Mxhj4JDhRugqZy3SdFkEqKkQObkktNCjwrjELnRgE0aqkZmCC9xbyaU5YfJjYeA5zaH1VUpqCbfg0KO5pIyMtsVMcea6rOPqMU7iGPBcOy1DPmzoZ5ZGQmdo+Wmnv/ktQw/GNalUIe4OeW8GjY68FcKfq8cc6a4Ozj9LnOF3ydmMLpvQfiptxb7fyWreGPGbMyKN0zS0kUQRyD2W84ssU8e5voupi1uPN9rOXl02TD9yB4sflCqu1ZROaG7T1SrInVZoLO4tHcn1W1Tb5RhqnTLJjWvACMzHYXX2pIY7yfVOxvr1UOVjtUuCUkLGhL+S0gpm9/HKNFgyPaaA/FDcUuWIrfgro8f9patIIzsbTVOLS3F3LgE03TWh1Em/YpXmxRXYe3N+BRzDZ7Jd8Lg5xr73CtH4zIwRZ4S8kRP3Xfmk/MY/klYZvwJiO0WFgHa0UxlvR7SiRRkjmrTLPifch/bmu0CkYNvDa5H9UxiNAlfx2RPIJb1aOUxj4jg5/IP0UrJDrcVPHJPlUKvI8yq6pvTmBxscWQPogSYjjJdgV6prTonskMZIIcDz6JnKK7kTT8IvI3WwcV1UZvmYRXTuiRMtoJNfRTfCABRu0vuQ+RtjfNCOmkHKHFFoJ+vI4/kt2ijAAr0Wn6fCyPPi5s2538ui3SFgDW89lCzRfCIWNxdlD4si/wDx8gHJ4WkYzRZe6mltUCO44XRteirBlJ5PPBWhmIBzw6h3H9VoUku2VpV0rAZMDTJMDRBDenc+qlpMQh1Jo7ErMrDcZLhwzn3texX7ciGS28kWB2KXdH5JW5eC28Rwbo8UjrtLSfxWt+SWnYD5ZJ5eRf8AJbRq+QPskYIFseRdqkhcySe3EGhdJrig/wDgrX422SVvUbaI91qkmIYcmqqv81vxoRSSjhzjt/BUOoYTRbmm2tHPso3rwSv/AAXPgCcNyZYyfvNVZ4ui8rUCdte6z4QlEGqs+Y/N2Kf8exkPL2tF7bHuVbEVdmnud8o5SkshHdedPTQlZZge5Tk7UZfKfqgSTnoeD6LDiTyoGybIs+qVsnaiHmkuRo3m0LZZtEiB7jlI+SUqGY3H1T0BvhJQsvqn4WAEdUENjLeEbdTQhhoCw8lOkJfwYld3tIZMwA6os81cJDIAdykLEDllsdUIvJ7ob+vVRc7b3SDxbfYUHnqiB9JMS0s+egctY3Ad0zE4EdUjHJGQP80YTNb0KcybkW0exvQlGbI1w5NfRVcOQD1KKchoCtEHHOHIJPslZSATZQ3ZQ630S0mUCTZQugPSOaCaJUBJd8pd+Q3cVHzmk8IAdjk6+wtMBwofRIRyNB+qP5vIAPFKKYDQO7jspNjDvVCY4BqIyRSB4tCxwPf6qS9tQMjzG7qrr1XAf0o9KdqOp6HpbQfMlma5gPLePVfQ2DF5+XFE1ptxo16VytR+NXg52reINI1COMyuwTTmgfeZXH4lcvX6paWKbRu0+D33Vmo+EtNlw8DGiDPlYAGiu46rZI3ySTlpYQwOJHNcLoXhfRw7BxC/HDJWtBduaObC2qLw7gTwND8RjnCxwOiyQ1G76iyWKMXSZyrBjkyHAtZuLvl45TOZ4ek1EHGD3RPFFprk8gFdPh8L42FzjQ7ObI68oWX4cnypBIwNiA43S8D3qu/RGWTyQaRbhUYT3NnBXaHn4WTK0zyPjZYi+XcN19/Ra1rXgM6zqBz2YhizQLcIeIpSOp3dn+o7+q71rHg/W9Pc57YmSYjiHMIeGuArv3P4qlnxnwODJYJsWKqJa6mn1Njj8Oq8tk0rfZ6PHq0lwcfxdLycGSVrWuaD+0j3Cg4jqCe1+i3LQ9c8vGb5jdrA3cXE/MeaoBbhmaRjZ+nh4e1nI2hrNsZI7kdR9Fr7/DJftuM1vdtcOoNcuJ7g+nRZtmTT/Yy/3Iaj70KanrGSynRuAPPQ/ksaX43fjZjIs9p8okAngf1Q8zTJIxskbY46e3RUuZiGVgkc17je0MZy76q6Gtz43yEtLhydJHddPwMDOxfNhnBoWQHNd/RLzT4eG1xdIGuHG0mx+a4hpnjjUPCrXx3PkQtNuMTQRXobcq/xT8TvtkOXktwsyEYzQch7GAwsB/iADrPvS1an1Wccdw7Rhx+k7pu3wdvzPE+nYjC7zGcVxarH+PsXe4MPFWF884PiWPX52hupxPhc8ND4+juaHNmuh47d1vGJPhQxSCOUTSNtoYXW/rR3AcfSuy83D1fWayTSW1I7b9GwYYpy5Os6V4rdnyNaw1fstrxo5pXAlw5XLPD+oY2K5ga4PruD1W5xeLYoQAGkkDqu3hyNq8kjkZdOk9sIm1v0wyGy8/kq3P0WQF3lyEVzyVTT/EFkTRVg7gFW5fxLZEJKoupRk1eKKpyFhppt9BcqTUITyHEd0JuoZkVBsZ/FVr/HbZ+jevN+iVPjPzeBDZJqu65/52EXzI6C03H2l8zXs6OQbohXqFb6VruVkSvD4zS1WDxE3ILQcct3OBDq6BXmjao0ZBph6WQRV/T3WnHqXKX0tlWTTxS5iPT61ksLyIjbTxyhaf4kyTmRCSFwa4kbmi6/BQzdWx8PzfOLg48iMtuQ/wDKOqocrVcnPfBDiM+wukftPO6Vo9eOP8u63OeRtcmOOCDu4nU8fKk2AEGqHzdT9dqllZbotm8gdxTuo9VQ6Jk5umYgxHNblTuIqVslyNA/tGiCCrbxHrDNGwcbKl0R74pY9/mscTGD6F38JHe/wXWUGoObZz5RjvWOInj64yPOY0Eh3Rpttdee66ZgzNmxWvB+UtBC+aM74i5mRqsLIRBjQtyW2wMPQkCmm7P19bXetEmyJdMaS6iQKto455SaXULJKok6nTPFFNjXiOd8eFKTyuUZmvE5m2qBaO/fuux5GL9vwjdU419FoGreBIpc5j2OLS1xd07FNrZ54/6yrRrFD/Zwaq/XnPa2jtcOLu+Asad4ijyYS+Vz2hrt5HT5Tx+avcnwETE5rXAEuI4VTkeBsksaIncknj1tcf8ANamL5R2Fg000Pa3rn+rzDe3c0sd6AgtsLWm+JXxytNtdY6XQv69k1rHhXPnfA0D9l5YDu90K/wAlV4vgXJjla7JJdG0gOaO568rNP1HWKajFcGmGh0jjbZd4/iGTMb5TYXAVZ2jdz9e6MzMaZG+eXs3diOPxR9O0wabmuja8iGraAKq+qbGEMkuhP7Rt9fT3XoMGqyyhcuzj6jT4Yvaui0j0FsfkZ2OdzW1aZ8X4/nYzHgfNt3c+tK50uB0GCyJ/UCg49KpA8QY+/ABA+bpa9FgyOUeTgZEoypHFJo3MfIw9R0Q9oIF9U/rcX2XVMhh46lJDoFpUrKzBbwoBhtG4Qy6ipAw6MV3WWC337LxfY6UsgiuOqaIDEacjNAJWFooX1TTOE1FMuxljuOVCR3JpeFd0OV9GuiCBXIFlKyMJCYkfuJHT3Q3n3RRcuive119EOSM8p57eEB7Sqtoy4ECCD7LFph7Ab4QS0ApKZO4gzUQOLR254PV5WotynkAglMwZJPc/mtBlNsh1IUiHUARQ6rW2ZNAokeQSQk3DbS9+2H1/mgvywq3zCe5WQTfVRuDaNOyASssyOeqV22pxM+Y/QqVJeQ2vwWDckNITUOU0gXyVVxgANtHj6hNuj4DbLyW8eQCB6InnDsk4OqO0C0bg2vwMtl9SpmUgcGil9lKZ5CLugaai7LnwyPM1qIOogP79kLxDnQNzpnvmJcMpnyE8gUfm/FR0PKjwtRa95sdefota8cZkUOYZmlrJSRM5zhwADxfsF85/E3qy0U4xkrVnqvR9G87Z13THY2Q2J8TRyABz/VPbXYrzfLSei0XwT4mw86LGihaYpmC5IndbP8X0PZdEZ5c8QLjZPS11NFqYZoKUfKMeq07wSafyQEjWguaaAG4/5I2PJI/Jx2lpdTQR6bi4Xf4IYwXMY8O/cFpJP0CpYdUGRqAlY87HAcbiPZv5lUazW49Koxk+ZMMOnlmbaNyGyCQAtGxwD3tPN0OQgS6biZp3mKnEdRVV9FDzJH4xc8ATeg/mFjz9rmAAURwujHZkiqKGnjdMqtR8CYWZK18bTFK7gAHl30d3PsVq2p+BM3EDpMSf7SNvz4sj2btnsf7S6HHkP3Pa4U08EDuPdSkJMDyTTb6E8D3RLTQn0XQ1Mo9nBtWjEry3b5XYse2nNrrz3Wt52HGYHOBD39KPdfRmdpOn6vimPN07GyACRGQzaKH9lwNrT9U+FWnvcX4GQ6Dd/uckWwfQjlcXNocv6OTsYtdj/XwcDzfD+RJiA+S4tP7vY0Xu7Kpw/g9lalk7nPOAJoi2iGuc5t26Pc7gB1c9+y7bn6Pqnh+EDIwg2IDnJieZI3C+5rhVGNO6B4ifE2XFaeWNO9jr55JXMemp1kZ1IalyjeNHIP8Aywj0PFqW8qJjZIxhSRtijLHWXtuPr0HJ9qWPAXw5bpPiCaXHzWthjN/ZHudIxlitoB5IHYrsfiLAGsQ3LCwQu+QsIuItPYd744PZahJ4bm06aXKxJDFkgBoEVEUOANw4PHCz/lpRl9PRsWdyj9fYaTw3JoM7Gsf5kTejmu4rqiDVpDt+Q9xVpKaTUXY7mukJOzm2/wARKxFhyFhYHbpT+zH1T+wyN8ZdhH6g6Sw+A/2txfwf+qSlzGmR4OMb27msLxuc3v8AN2Popu0OWR8JkJBJtovh31UdR8MygOYABuO4i+/qqP6e5u2THNjXAuzxFiYzHOdjgMvaX+awhw/tBvXlGj8eaUzJjaYXtcRQdV1+AQIvCZfGXGy6w1xI5DL45TMXg3EsSzBgjc6y6gKrqmXp1cjPPDobh+JGmY0sbCHmyACIXggX2tbLo/jn7RtMeJ9nlk4YyUWWjs4nta1UaLiRBksTIy8uLroEgXX+Ku9Mxo2TnfQY4jnu4f4rTiw7JFGSUK5YXIy8iWaSi6TcS4SuFub9f/vRM6bjyzSsa93AIBcPlDrPQjs31/BNSxva8PxyXTeZukc9u1zCO23vwrrT8V+XBXltJnaPmcKeST39uF1FBzkqMEskYwdG74GExuMwt5eKBYOL/LsB0V4zzdUxX6fPPtjc0sa2c3HPH3s/wEdj3Wu4Ae2Il5IlDS0lp61wrFkz4iHE09oGw+i7yjHbU+meafL3Lwc08Q+DHaHrco8kCN1OjfIwWG2F0/QNabDpe1sbvk4aA9grnnqrrK07C8XaQYHbRkRD75636FUGDp2TorpMecyB7X01gFjkcH3C5z08sGXfh+03rURz49mRlzj65MNrZIo42PdtMZL72/2t3RDzMxrn3u+Y0L/oq2QEt2OO4VRB6e/Co/EerOwPKyG/ccCHexBWueopGWOn9zJRtbJC8izzd37oEzdnId05C1fD8WQue1rnncBXX1Vi7xBC9zwDfCwrNCasvWnyQ4HCQxrK4FdFmmyXdcmz7qsOrtke0NFgGz9EfGyo8gny3jZZ5cVG+HgZQmuxmOBnmAir6dOywcdkeUaHygVV0swlpaDuaTf8JRmY8eRlMs/VXwjfIs48clzJNGI8cF1NdwW314UsmNuVjEDsAqPIaIsxlOJ2n5R2Vpg5IyRI1v8AG3aPqF0IZtpzsmK+Tk3jrE8vWDs+XeL49uq1v5vVbX4vy2ZWtysZzHECxzu4ceqofsdBdfFkWRWjBKO0Ssr1knrym24fCyMPlXiihDncE2pticAK6p0YfCM3EoJ4iSFIw8HnhNNB4R24ZNIhxSKU7qK0r5Fn2O6A8k908/H45Qji2LUkFe+j15URG4jrwnX4oA6Lwh4CTcPZXvjd6qDoiRyVYyY/CEYDR5TlxVSwmjygGI31KtXY9uq0N2Jz0VRZSNCjx6RxD7FWbcEg/dNIv2Ox8o2/VU7hNhXMZ7IwHBFFODE5FAqf2N56tNfRG4NkRWJhsV1RvLcevROMxPl6G0ePDJ6tP5KNwKAiI7oHumBDYA9E0zC56fyRfstVQtSpjOImzHTMWPwmG499kxHCQOhT7xdgGOBMxwdEVsNjpymI4OBwjeGwCyAKYx/lPU8JhmP/AMP8kzHDt5F2ErlyhZQtGo+IdU/VpMm4N2su7XJ9T8aHKy9jph3q+l9ltfxb1QYMU7Q4AtAjAv16r5t1DxKY8yRzXA/NtFegX5+/GEpa71GWJdL/AO2fZPwvpIvCpM7rpnicxZcM1/aMeNttiYQHDsaJ96XSfD3xdz4Wtjc+Z+y2Fsrmuc09uQOi+V9E8aeSDucOT0J7Lf8ASPGELzGAWtLhySV5XH6v6n6ZFxg+Ed/Wei4tR2j6C/0/1HVo9s820X/a7K/8O5Pnysdu389VxTR9UbkMG0g16d11HwPmbAATRoLm6b13V63XQ/Mvizjar03FpMLeNcnY8Eg4/I+f+FWDsZjwHAVaqNKl3xt9R19leRn5RfW1+lPTcnuYVR8q1UHDLYocPyjubZvnhBbI9+RHH6j5fpuKsciUQxzOB+tditei1KH7VLT2Cctaa3i2f8f9z0Pqt2aUcXbKoReR9DuMd0JB6XR9tpXnlhNDqeiXl1LEblwhk2+LKZ5gePuivvWfUoskAd80b2gVYN8KYZMcuh5Rd00QkYaIFUeoPT8Vr+qaBp2ZG9j8KFsh5E0IIAP04V3NBMwg7t26qA5u1XZPnOZwzfuHHHWiq5bLLcbywf0M06Tws+I3FI7yzb/LNij+JVBnYDcZzzIQC02N/ftwt/yIJZ3kGP5mi6HH1VXlaCMwEyxC28neaoLhzik3t7O9iyPbUuznU2FCJWgPJLDtHknkbu5Pon8XCxYow4yttpc08VyOFcZPgzJzcsDAiFgG2ts7zfH5Kg1nRc7R8pn2hrmPcXbo3Dqe5VX1x5aNSmnwmWrseFwiLxuYTbaHUJmVuBOGR13Wt5Ezo2vfjZDmhjAXRu5BcfvG+wKTxDkyuErmMZGKG7fwRfS061ijwyJYJbXybfP+r8QGRjbkI2Bv9quQVq2ZkPfmSSCOPyWtPlD0v7yflcDGC0iWUmg1rhZPoqWTLMtRAEgOOwVVepB/ipTlzqUKj5Iw4EmpS8BIpGCWnRMBa0svbdcWFsek4sk+PE43bZQS15t/Tgj2Q9J01ktbyHF1bnfktgwNIdh3IDT20PrXf8v6oxYlaYZcqppCuTp7snK8xvfp7/RWePE6Fu1/D6+S+zk5E0NhkDeLdUR/sDuEZsJypGtI3u4JIH3q/h+p/wAF1o41Hk408zfAzprntgYW/u/8e/8ANWb8prYHM8ptn/fdwkGYz4Ig3dTC75b7/wDZHnH7McUWiyfQLbFpoxvllrome7D82KNzfNeRTyOgV/HCNTgLJ6O3hhb0C0PIyhiOYTIInObbZCeCPqrnw94pw8WOVuRmM82NjSfmotB+6K72rI5IN7GVTg4/WLavBlaZNJE/5mEWxwFg/UrUvFOFNlYkbzIYY2DeHvcAwOP3iAV0bUtTj1eB0DcCQ47hQmm/Z7R3LGdRz3Kpc3E07TtOMzsducWuaPMexpr5r+YXwHfw+5WHUadGrT6hw6OSCSLT2yO8nJnaG8SNjdd11BpHd4qjMtQzNbvOwOHDboWD6lbtk+PNPwnGN2n/AGyF4LXgzua38LFcJfxHJ4eytJGZmNcyDJHkCQxtEscoF/Pt45NuBHXd6UuDPBHGvonSO1DPKf8AsgUceqNkjjnbkMfIXhr9rhXHqoT+MYv1tt8xrXyUHFvDR+HY/VVmTpfhjLZF/wDnTjxRuAcHxbdt8fMB0vrfsmRpHg/TeMrLy9SkhO4iINcS6r3Bx7Ua5XPlPbwspsjsX6X/AAXZ8VwQziNjy6nC21bR62OtrYdK1rI1CZ4w8Od8BbzkycMvtXta0uX4gaL4aEsenYMMY2CSOcxAkOPqOT+a1rXPjTrLGNMDxDG370cbKBB6Gu3PKrfq+n00f8uToP6fk1D/AMcDsORLBou3I1rMY6Rx2vbjkWD2tePjjDbNj4+E4PjkcWOdFw08Xz6r5zl8UaprV/asneQ7cSeLIW6+H5nj7E4fNz8pHd3cD3WHF+JIavLs064NEvRPah7mV/UW0svn+IspwAAfI51AVwU07DBUMtjIPEj3WKeLB9SSrn7MPoV9J9JzSyYeTxXqWOMMvBVDCAKn9k/+0rF8ItZbHQK7d2cgRZho7cTomdvCm1grqmQtWAbjUPVedihw5TIAaoyOIIrlSG0SfjBvQIZxxSccS7koZZbfdLuGSK9+P1UPI908WAFQfGCOqiy1CTx0Xnx2atHexe2cdeEAJux9xKEcMkqxEdix0XtiqJNeGnj0Uf1efT+audjf/oQy0DqgYrRpwscIn6vDTyU95YUw0AcCx7oATbhtA4CPHhg9k3HG00KTDIgAgBAYQHZZOGArAx0oloIKh9AJMga3taOyFh7UiCJTYylWBFsALqATEcLQiQsbYJCMI+fZF0FWDZGxGbG1oJPQC1JkKzmOGPp2RM7hrY3H8gknLanL4IrlR+T5S+Pmuuh1ARB1BziXfXsvmbVdZf5rhuoly6b8c/Erc/xFlhsthjjVLiGZlFzQLsk3a+MZ4xz62eSXyfdvRIfl9PBfsbBi65KwtLXWR29VuOg+JpGuaC++h+i5SzO2EcmwrPD1Z3mMDXEeqy6jRQmnaPYYMqle4+nPCXikvlaDKKoWu5+C9caZ4gHghzCb+nK+MvCetP8APabvj1X0L8N9cMhZHZG4t/BfNtboXptTDJH5OV6hjhLC00fWfhzUTPjCS/vNDltMeTwCT2XOPC+YPsoIJo80ttZm/K0bu1r7/wCjar/0qlJ+EfEfUNN/ldMsNV1hmnYUr30QRuPHfsuDeKfF+JNqoIhjYY5N+9ryA53v7ey234keLRp2BNGXEOI4oL5N8ZeOfKz5Nrje7avn34l9a1OozLTaR9dtHsfQfSIzW/JyfWfh/wAUwanjRtcfKdHG3yxu4Y4Am2kX39ldYuumMsiIfA+R285GO0Ww9KLTY72SF8jeFPiicXaHyFrmt7LomF8UWPc65i8gVta6txrpa5eh/E+q0K2Z03+50dX+G1KbcDvzPET4I3OObLHD8zCY2MILh1ceLG7tXolcjXJpXTxYmuMEzWsc9rIm7Hbh8riOtdiT3K5RifERzXtmEgidQO9hrb/w13r1TUfjuB5iDgAOdpcBIRfNEnqF6SH4z0+RVkVHEl6Bmg+DoT4tbc1jXaxjR7yWiOSASRu7mqP06/gq92R4kOQxkep6e9hd5bhPAfLBA3Btk3055r0WqQ+LcJgtoaw2CdrQ0F3PIAUJPFGHkSkvcxxeRuc5ocB9Ae/VP/c+gl22H9L1EPBv0Wf4xENSahiMxjFuMkMYaGnca+gbtPJ62tO8QN13Uce9TzcKWb7rRLOGlzQTcjCDXNHjqqtviuHHfLUri1zdpj3gN+rR0HXulJvFIiDfKytsRY5hh6tAJJNX9T0Vj/FGi21bIx+mZ4S3KJcN8H+Ic4CQx4scbiG27Jadx5oEgH0PN9j6FDHw88WTCKVzsKGIghjBI51NI+/x/Ra5h+O83RNQx59LzWQPieHSRyjc2Zt8gu69C7r/AGj6o2q/EHZmmfAzTh5LZ2yby1rmEf2dvokj696a4q2zTLQ67dwlRfT+AdawxJEMvC+dokDGytIB9WirtLZPhjNfm3larC4whpc5kjAH+h68VXNrW9Z+Irc+YzCd8bxK2dzceZ0BLxzQI/h9u6RzPivk72PilILXWDZ+8SSS71q+in+4vT48cjr0zW+Ujp+DpM2DLkRvzoi6PjYcmNt/Q1zxzwr6HWo4od0jseRzXCRoOY0WOlgAfL9O64C74oZ0kzd7nP2ghxLzfW7Hoq5/xAyftEMonlD+pBlNHnj+qeP4q0sF9CYsvQdRkdzZ9IZGqwRB7BPjxlhrzpMrzXOvm6a00FXZviOLDc8M1bDhlaC4QSBz2vIIBP3R0vr2Xz9qPjmUup+TI4NB27n91Sz+P5GgbchwohzzuPJ79E6/F8f0wF/tub4bPqrG1qDKxzMzxA15DiwnEjLgyxYAc4C0LJ1THa0ul1HKc4O3B0TmsDh6cglpPqOq+ftA8Zy6hjSSvmfJukBcS7ngfkrefxEDAd0oYHABu89Sr4/ilZPtjTKv7f2S2s6ZrWu6VgRNyZDJlOY4u2ySGnk/wuaCAaB+9/imvCPxE0/FyjFpunYscbYi4GIuc54J7l/XpxfquGa3rx+xyMc9m6rAJ7q0+F2pQ5HiKGrd5mNJFV8W3v8ARUf3DnyaiMYqjTL0TFixOc3dHddW+KUmOHHGYYPNLZDvo1I3gdPvCux4TT9ex8vQcnLkHlQ+f5rmg2Q7uR7ei41rmVFDlRPpznjoN3BWwRa+1/g/Vo3Bu9kW9tnhpvv7FbsfrWVZXHK+Dm5PS8cse7Eg+o+JoMaciNmRkfNbSxthzT15VJ4w8UtGlYemta0Pkf584iduawHgMcR/EOtrmWXr+QcdsUMkwIftb5clW09Uni5UolkDg7a0g2Dx+PqvIeq+s5NUpRw8I9HpPTIxgvcdtG3w6k3zY2vYCW3TSeo7X+asseUvx90bRI8kNcGnkknrXpS0XOzvLkZK5xawdSrjQ9X8iTc19hwIPHO0gg16WvK6bPltxlJtnbyaODiqRsGXNFMNo4du2u9gP+6qadkylkhIa48kenZQlccRoaDwG00E2QKFAnumNOb5sIJFPvi1GSMpy+pjQgsS4LqDRvssPmcuBAPK2/w9GZ9Ln223yjuB/s97VTjkuxA1w/huvUDqfoFs3hONrm5LR9x0ZJr3FD+a9P6XplhaZxtVkc07LbX3RvzcKcN2CRg5/wCLsFaBwLWuvqqfO/baPiSHl8ZAJVpF+0xYnDp7r7R6JkpOJ8z9WxxS3GXckLJIb1KC95aUJ8rr5XqJd8HmqtIZMgrgrAclDISOERjncWhAuBoOPpai99dRSHZIHNLxse6myeQjH0wghCe/5ulLO3dzyF6hVUSVG4sXQvI9RtyYLAR/0UDHXZKSLvF9FlvHVF8r2WRDfZAGGBrubr2pF8tp9FOKIGuEwIRXRAFIY+TwhOj3dlbmAAdLQnYwH/ZAFeITYRmxf8JTPle1LwYb5PCAAiMDiuURo7KfDT0U9tjhRYA+iy1l2p+XyitbtHS0PolAfLWWx8phrNwuiFNsSSmSDY2uKTLGbgFJkVdrRmN9lFUBhkVEKi8e6g3SfBmp5TzTIoZL9+Ctjb83alyj9KLW26D8G/EEoNOMBjabrkg2VRn/ANUqLsNe5FNeT85fE3i46pqeRI9wcXFx/nYWrT6lvc0AkUqGTVHSOfZF7i4n+VIf2q3XuXz78rC78n2DT6rbBJF8zLJfyeFb6bktEg3WbHFLT4sq5AN381d4T3RuY/qFnz4UlR2MOqlupnR/DOS6OZp3cHsvoH4b6h5MsJJuyDwvmnw7kbpWgO6Bdx8A5v8ArMIB4DRza8D6rhjJo3ajI54mfZHhfU2R4TGl1mgtlytWGNjvk3V8nW1yLw/rbGxRsc6uBzaL4y8ax4ODIPMJpnAuuFql6v8AlNKsce6PBLRPPn67NO+MPjna2Ued0sVa+WfEuvOlyJJd5IcywL7rZfiZ41fnZchEgDbPF2uLaxrJkJp23a6+t2PRY/TNHLLJ58ncj6VocUNNiqjbMfxNJDKHiRx46Aq8074gS4zmlz3ANFgg/wAXquQO1QgcP5U49XeBW6/xXo5+m4sq5idNanHLtHdoPihO9oj+0kMvd179/wAFZ4vxOnD2n7SaHPXquDY+qOvkgDoSmotdJc5ocPl4H+S5WX0XC+VEs/wyXR9AQ/FORlls5Lj6nhHZ8UH/ACtMvQ7mm/6rgLNWe7buP809j6pRDd9b6bZ52j1WF+jYnwJ7eJro7mPiWZqf5waXckE9FmT4iOLB/rNfTouKR6sXu4cPZFfqLq2kqh+jwTolYcL8HWf/ADBLXuJk3XxaRm8cunyHA5LYv2Z5df3h0H1XLTlvc8gOd0vgpTLz5Xcu5DjuHsQKV8PScS7FcMflHSpPHszi476BN9UB3juYimzHrfK5p9sd6n81h2YW+p/5lqXpmJdIHHG/B0qXx9kRPeS/dx0tKM8bT5ErAPlPqCufuynSSusUK9VmHMAkZtcQ4q1enYlHrkSoeUdE1LxVP5wHnHv0VfJ4hdJESJXDcDe5azLMXPadxcT1pYgc6RgbtJq+SUR0eOK4QrUfCOweANaMumTgFziJObPqP+i3WHNndAxzBt3NBLj6fj/guY/DCMnDyhyac1wY0W48V0XUMSKSbHi2hpMbSA13Isf4rGsMFN0crVOMZJ0VuozOkx/uhvBPdbL8Hczb4p0oCZrHzNmjDT/dsqiz8Z7sLIDrLxGSL5/BY+FUQGv6VKHAyMlkZE+v+D5k1KE0/JiyyUsM7RvXizUgctkMBLnR8h3avX6JTzsmDBMZm3xyNeHAX8wPQH2HZLZkIbmzPvd1a0Hu30U82cY0bTfy7T+C2e1LUT3dHGbUY7UjU8mV0RdGXtNODdrv4ghO1eTy5WZDd5ZXluHG0Xz9UfJjlyZGNcxoLDbngdz0QcqAZmbHFEy2Fn7R3oVMtBFK2uDZj1FLoYZkNzMEt2EuItpvgpjQJSC1lkO6WT0rslsCBrHtxr5aTR6UrLTdL8nKLg0MaHWSXXZ/6ry2bCseRqB2ITvH9SNgmb5nluJ3AkAAdvdbFp2GZImPIrlV+mwRSYzXkh0lXt9L7fyV3jSPkcRG3azs27pbsOmtKUzk5sjTpFrFIAxsYBO02D7Vy36FbL4Mb5eW1p+6eCPYG1rOG65Awt+b6raNCH2bLDjxYDQPT3Xex/TJV0cjNymy/wASATaPlxkfNDK78QP+6PhMJwo05gxtcc+Kh8xL/rdf5KeDCPs4b/ZPVfSPRpv3Evk8D6rC4NsUlhs3SC+Dd2pWz4h6KHlD+yvcfseSKkYxBtFEFgUKVg6EEdF7y6HRACP2bdXsiNx+OidZGO/CyQG9BaB01Qgcfn/osjH4TpF/wrBZz0QMJeR7LzoL7fyT7Y7Cz5YQSVnkeymyC+KTnleykGbRwEALMx6PRFDABVIzGlx5Kn5fuUAVRDShllqImYSeUaNwd3CspEATEfRe8smhQCeAbalTVWSVboCSssaWH1Tz9qATZRSAhz6IgaTXCwD2r8kxGNvogEYZGaqkxGwAdFKOqsjlS6ursgYm0DaFiiD0UgKCzfslasDwO3svmP8AT51dul/Bp0DX0/InDACet9V9ODrz0XxL/wCJLrQZoWgaa19OfK6Yj2HRYtS9sLNWmV5Ez4MgG6N57udf0QnSGm9rR4dogFd0tOQAAOy8rScrPoGLmKdk4pKeDaucLPO9rSflC10yBqPi5Q3gE8BJmxpo34crizqGg57Y3WK5C7B4H1ERhrg8AAXyV87aXqXlvHzCqXQND8TeVG3bIBTQvFeq6F5Fuieiw5d8NrPqjTfFbGRML5AOOoK034h/EDzGOjZISyuKK53B4y8nEFyAkD0WleJvFLsh7neZTa4C8lp/SZZM+6ZuwYoxe+uhPxNrxyJpXOdfU8rQdQ1MP3ckWs6vq5mdIS4baVBNkb91np0X1DRaWOPH0U6vXbXUeh0ZxLuCeUxHK/bYcSfRVUbwebFhWGK8cFzqH0XRnGK6Rzo6qUuEy4x3zSN5JBJBVvhY7jtBHJN36pHTZYS/aX2B7UtpwceKZtte2xzS4Wont4SO3p8rrlgYWec26qjScZilza9xyPZNw6fI7hjQVYY+nvFAtonquRPKddSfCZXx49vJrbZ7dkcwOceASfdXcGmloNNshthWH6mL/wCGj6rnT1STJ9yjVPLLHcjkCilM6JzQ0V93k/Rbg7Q3hxG21X6no72NZ8vJPKIapNkKTZqch2dBaA+QnsrvIwHfL8nUWgnTwXtoVxZtdFZlQbmVRe/zKHLq5RYo6kYQ3p3Ksjpsf8LrPcFYZgeU5tDuiU0+SU7MsnAo18wNeyagBfG5vTi0SHH3tos79UfG04TPA+cfRZfdjG2xJOjoPwmYZ48lrhujIBJ6EV0K6/p2IyfFYSGtftDielHlc5+FWH5LNQDRQMTS0O68Ef5rq2nxsZjna0USavnhc2P1TbR5/XTe9FJmQFuJPEGj7pcHDuTfH0VX8M4Gxajpx3OG3OaAbAAuxQPcn06rY8hhLHim7W8tWueDG/YtVaWsdM5uaw7W9fvf4WrlilPIuDnyy3hlGzcvEeGMLWclgs2SWCq6noFX5mO+UcloZGdrrvn3+i3rxRozTq0ktbixp2AG2A9RblQw6XPquQMdts3/ACkkccDn816zT6VQjukcB521aNYw9Lm1HMhiia+jTnBo/iugHH19E5qelt07FyWtDTOCd5YKAd6C+oXQMbDj0LEnia1rzOAHOeNx4736+60/WojPTi7eOQNxuuVytdPhRgb9LNzas1XTIGZGUHuabdVfVXMkHNtDQ0PF89aQNOwwHeWG0W24FZ1CGSNwpxrcBQ9T3XmnjSblJHot11FF7pUbMU7ASSefqtj0lznSGm96VBocLvPaXCxVOv1C27FcyNpIbTqu1txQTV+Dm5pJSGcaMxyue7hwV7i5G+aINv5XCyqeNpljc4mwa6K50uD7oaKsjkq9dpIw5OYs3fTSW5ocOd0VH8U5hs2MkaBZaeEhhfspo+5A2fgrPGNTyr33pEnDJFs8R6it2OSMvZz0UXDjoEwaKiWCl9AimuzxjrwLiweiIGWOgUgznkIjQE4oEtrsvUPRFADrvsoubZ4QBDaF6h6KW0+ixdGiEFq6MBtnovOZXZFaBXCwSD1QSL8+iwbroiuaR3Cjfsm4Aiy66KS9fZeSgaS3L56p3Gl3d1Rtae5VjjyUByjkC9ik3deVJ0nNBIw5QpGGQ0kdEAHcVCgounBCyx24IAkOOiLGOChKcZPKh8EoYaTSIw8Wl2uo0jseFCdkk9x9VLzAhOPKwpboBjc1fm9/4jniJ2V4+0rTWSbvKj3OFDgdgv0db0ffZfk5+mz4gGufHLUWscdsP7Or6ULXN1juNG3SLdkSOLB22Ac0EtK8Ftosj/2dDptSjpAY2+64CSPbwlSoi+QHheZK1h5Szn/MvOcOOFZsUh1N7rLjFzz/AGvZXmn6z5Hy3z/gtPY8gjaaHsnIpyw2SbvqsebCnwdPDqJwfDN8d4oLWAFx/JUera39oBpypJc07eXFIz5Nkm1lxaSCnvSOjk18lj2p8h8nJD2kE2DwQlnTA3fdLSyWbJQ3yUurHHtjSRwcmocu2NeeGg0aVlizC+OtClRtN9VYYsoG0oyRROPK7XJt2mynzOO5HZbno8fnEcd+3C59p+UBL+IW76JnbOQT1XltbBxvg9ZocqmqZumHgukawh54KvsTSXEtvlVOjzscG9BfVbxpuJubuaeCLXiNVllCR6DJOqoHh6PuY4dDXN+iuBp7WhjWtsVZPqmIMXbt+UEkclWEUJcwtHyuB7BcGeSWR9mKeR/JU4+mskokD6Ku1jQjJ+7bVdFuUGliI27kblYyaKMmEnyw30NpYSnF2jO9RtfZxzI0KQC66A9lWHSJBIHkAhdfyvD3bYB9AqrL0SPaaog8gD26rpR1Eo8M2R1Ka4ZzN2mEgt27Qe4CH+r2sLatzgbord5tHBZTWuY42A5VU+jOa+N5eeeOtcjqtMc7kWR1DfkqMXDc54a0AAuuz29QrnT9LZs3FgI3F1AkUFiCIQB7QA0l3W+Srhk8bGtiY0FzgI76Ue1+3VLOU58RRXkyvybR8NoNmTlB5t5hJHv3r+i6JiftMUlnyc/KPQLmfgXVYI9fmhrl0R2sJoiuCb/w9F0jQ8mPOErYwXtu27RtDPx7rraDTylzJHnNdkb5JPxHvkMZ5oDtwVWaM9mLmOELAZ2ScOH9ku5W0PxJZX7Mceb5g5JbRFLPh3wk3Bzsiad+572l1kdKpd6ajjkjjvIpQZ0SPwy7Kyd7uInsZOWE8fd5b+Kc1PSYtKxS5rKLSASAPu1wtifGBBjvaKa5rH8d21SoNbyWvwZtxDraQLHp0tdTNLfi5OHjcnk2nPtbzKhHNdvz6rVMzLDmlgAPuFdaq7ewit3NAXSpH45k4Hz0Q0/wUb/mvJzblLnwex00UkT0xnmVxTyeD7JfMLpMyRoadt8fTonMNxgk/tlp4dW2uPT/ABRcfZkTOLmgUaC5eozKMXZujJ3x4LTSYy0GxVNACto3ybAxoskdUphRGRwa0kDuQtlwcFjQHD5iOFyY6meXiLKJuKdyB6Wx4jIcK56FbZhNZHE1zhwCFUfYXMLX1QPorKJ5cWxg9ey7+ndJORzsrUumbBj5DXTMcPu7rV5EwjLaB0cOfdUWBiBsRAO5/a+y2CHrEf4q2X7r3Hps3ujLweU1qThJBXADoo3XNX7I7o+VB7KPC+lw5imeDlw2gdgixx7L3PZY2061m6TCmNpWKLVLdak0A9UDJWQFlSDfzXnUDwvb6QOjDiAEJ7gER1EWhSAeiCSD+qiXGipP6qOz/itAGWEnqpLH3eaWd49EAagMMegRBh8eiuxighe8iP0QBTOgLTwo7XeqtHwN9OVgQc9UAKxR2KTbIPlBCmyAhwKZjZ7oAX8mgETyrCIY6JteDAofQAfLpyK1tBEawUpsj7pE6JsFtteayyUYsF9QsFrKU3fBPgR1Wf7Hp2XkXQDXSfkF+MHxu17/AEg+JmtZtkukyCGk+gJtfr98X9V/UXwz8QZnA8rHc8Xx2pfi34gn+1azNkP5O5xse5XL1XLr4OlouJpiz5aiaUu+a21SxL0QSVzEkelU6MuII6KJ6heYbeOUMWLr1KYeM+RqI8bf7XCP5u4buxSsTyC6+eOyPGbAVMuzZCZMnc20CWHcbv8AhTIbuIRmQ33VKk0y6f1Ip/I6KLmcj6rYotOGSabwl8zwxmQN3GB7o/7Y5H5p1nTltbMssMtu5IrsWKSXJEcQJlcaYALN9uExFGW2wdWu+bbzz7+iG/GN9DaZbE4Pt9l7wHEk8fRNKXwLjk91McxA9j2n3Ww6VmuglBceCapUGKwOkdyPxWxafHGC3cWkey5meO7s7ejm7fNG7+HdYpwt1c912HwjnNyoow5wdxXC4FgFsTmvDhXPdb/4O14Ys7N1Dm6K8H6ppG1JxPY4cqnFJne5dMc7D82MfLsHZA0pjP1jjQZUs2NFO8RmWGDzC0Hjft/iAPUjorvwdrON4hwXwDaZfL4ANnd2K17XcY6XlbntcHRXI6zQeOh/na8fpKbeOXZzs25Sotsny8LUZsaZzXZETtg2G2uA7/j1TOHqMXlxAyj3B7f/AOv1K5T4k8XHTZPMfKIZi0ssjdI4X0HoqTC+JWMzMiEs0zmg/M67YfYjuvXYtFFxUmjFtbs72xrMviOWN3Tjr2S+TokLXv3na4MNAfIL+hWh6P8AESA5MkmOPMxi/bFKx7X2OzTtaOQeoWxz+KpdWZ5bchlQnawlvS/vNVstHBroy/5IvgqtVbLo0xIAewgu+bmgtKz9aihI3tBo7wB6HuunaZlHFznuyMT7UWNLHR5P7Rj2kVwB/L3XLvGGJkQZbnvYI2P+7brLG1wB6Ukx6OMXdGzDmk5bStfrmRC5wawRNZxyAd4PdexcjM1OV5iY+OKIcSD71+tdwO/1C2Pw14bxJHRDOh82QAO+YcA9Q4+46rftL8P4kEcTmRgggyOI/iN8n6njj2VmRwx9Lk1yypLlmv8Aww8IyfrcvzGF0pa5wbIeAD3d7n09KXdPDnhiXJkkjYwiFp37SK3V1r2VT4N0E42owSSgANafxB5C6LpufHHkZTYW1R6rRpNR4PP6ubyNqI5j6dDgRtkJBe5trV8jNb+s5h/C4GvqByrnUstzwXSG1puRlGXWHOaC4AdW/d6dx3TazJbVMo0mJ8xkzscOb9p0XAe2/wDZ23/+q1zU8rdHNG3bz94g2/b/AAkhex9SePC2kyAgOa0xWeGbr67eqpZpsiYOcGBlnvwt0s3+Hgox4XHLyaxqjKicRyRRVY1znu+bnkHn6K6kw5Gyy+Z0IFlZGLCyrFO9+4Xmsu9zbs7uKaiioMRmPH3vVFxsCcSj5RtV2MSN0e0UQeWho6I+LpsnlkuBLew9F57VYM05UjZiywjdkNLxvKbZJ3FbTiXHDE4jsq6DC8uTdR6BOulJqiOB6rbpNN7ELkc+c/dk6LfGlOQ4OP3elK2hwoJ2tkuizrS17Ty9oMpI29FawTuMBrixwF2McoLsxzg30bBp74i9zgTQarbAksht3zaoNIxpX47XdATav8D5XRg8UvY6BycIuuDz+q+1plnL94KDhbgE1PH8zT6tQXR0F9Mwu8cWeCy/exeRu1CcaCM9pPZBLCCriogXX7LwdS85R3UgsXRPzPZeL+FDeV675QMedIdqj1U1jaPVAAqUvLIXtjfRZQBkdUMjlSseoXrHqEAKNPPKzx/9CEJL6FQMpHVHAtsNJESDwoMZSEMknupsksdUtjDLGilNo28lDY8HuiFw20pYGXEOXmsA68LDQVJ3UJW7AzsCm1tClljbRQ0JSUB2WpthB90TYiRtChOmif2OI/pfav8AqX4I658wb5sext/xA9wvyA1F585wAsWF+o//AIgesnB+GcGGHgfaJA3bfYdV+WWY4mR5HS1y87uTOtpfpaAPfyhOeQfZRlcaKG23mgsFUzqxld2EY65B2Ciw/e+qNDCQ4bxQWRFV0O6kuiyLCQUxG80oNZSPGzj8VXJGqL5Mtf8AOnInA9+UsxnKbhYG9eFlnyqN8Cy00gbfqVsWp6ps092MwktPoFreEQw8ngoudkud3tc5xvIbIyrHyVGSQZXEDjpaWdO5oN8V0tFmJ2ke9pSS3PHoulA5slUnIZwppA4/KVeYeQ4ubfyjvaqMWMEuPS1ZxR7G2OVXlSb4LMLceUXeFkEOADg5t8gLaNM1ERvFVdVu9Vo+OXiQEcfirjTckt43G29aXE1GFSVHptLkdKztXgjxbkYM7Nkgvjgu21+K75C7G8b6VGQQzKLfLJoHd9fRfJfh/Ma927kmrBtdk8BeJ5dOkjDZPl4cWuNUvnvqWk9nJ7kEd6cVmjuXZqPxL8DT4GpuflxPDGEhoa1p4PXk91yjKLsR5ZGx22N5bz1Hpa+49b8N6f8AEbw/J5ZYc4sIa26LiBzVr5V8YfD+bSMyVhikaQDuDhVEFd30/XwnBRydnHkrdLs1zTNf1GfTxiO1KTFw2ybmxMa6w48l99+gW96R4j1HHlgy8aIZIkLhFJMbJoi/M7C+ob1WlabobhkFkjf2Z4Nldp8IYGk6foZMeNM7UnPsB7gWMAH8I6c+p5XUzZoQIktseTZZNHyH6ThanjMyhE9rsWSeQNjYX8uIDm81tq/oVVHw6zUMmTJ8osx2uqPCbI6RjBXO3d0BPPK2TTRqGVhyYcsjRj21wZG2g4juffsrvTvDsuTMKj8sE04N4H4+y5ktVFrgwxk4u0a3oXh6eWQfecHA7+O/b+S6Fp+iQaXHvnpwbyGHqm44cfQ4SyMMY8DnZwB6kX3Wuatr0uRkWZS9r22CeXfiuNn1UV/5LsWOeR9F1jas+TWIGxHaw/dAV/omTIc/NBdbXFoB9Sei5n4fzJZNcxw5zhtdTa7n0XSdHxw/VsktcaMZcAfS+v4KdFN5LmPmxKPHkv5oS4/PyGij7H0VE9sMOo22IONdlsT3R+SQHA8dSDZVW1sHnuc5hJa0cg8H6Lq5k+JI5cZKL5HxkgYkMP3mtN/9lB7A6wQKoWb7FORuj2spp+XqEUCAkgBm5tvIrkX2PpStxR3Lszzm1LcysfjtlLiBvDm24D1CRfhBrXG95PQjstkgy4Y5hE1jXc7XfiEucMZDqYCHX90BPk085RTiicedJqyrx8csMXBtXeBCKLXiueiHjYr2gSGNxHP3wnzjhsrXfKLFrMsVP6jS8sZdEMoNjaNoB+U0UrBjhkTpJCKroU5m4t4LnfKCz5/wVdgh+QXyTfI0mmtbzaux6Sef7Sj3FC1ZZ4sZy2XGCGUBtHdXuHg+WxpkNgDgqvwMuKAANBAb1VnLmsI+U8HotmLQ+3zNcmOedl1p7gyJrbq3K0GxrS88EKixSWQRudxzwnH5+57oxyX9F6fTr24Uzj5bm2jZmv8APxYX3zSgeixjgswIm/xgUQogOvkcL2ujd4jyOpW3JSPP6Jdwoo7uqGacVuMgo7qsVaM9vPCDXX6oLF0RNXwokkHus1Szv28UgYhuPus2vH5jdLFFAEl7qvHovR9SgD2xe8sqRAA46qO9AGtsyXeq8ZnPPBSEb77pmJ4PCqGDRvffVNxOI4KXYRSPCLKAobjcBVot3SAyromkZtUKNprvgKQZppS2FxsUotF+yOxvCGuCKMxsNIo9FFvAWRQN2lJJjgIjGgclC3BT3V+VqHS5I8o+Gv8AxFdYIj0rT6/hceDxZ7r87sk21556r7c/8QPVXZXjJkQkBEePVejl8TTjc13FWbXHytuVo62HjkrnvBdXNo0EfId2UHwkvCZiiIFFUSrwb4uwoZuHC95dqYto4FrzASTYpVpUaI9kNgaeeqm3l20A+qi7lwpCnfLFRY0uHsq5PmjRGTToLbw8kDhNRODhzYKVgyXPiDnxuYfQhHadpaXcbhuAINke3HKokm+jfjyFjCygOULJkce6xE9zwK4+qjO7hZ9vNmhyvGJzOJsobBveD290XhxHoUzDGzgUB7lXR+nsotPsNhRCQdDSvMXTvMA4SekwMcXDcOFskTDBG0tA9LWLNJ3wW4WraBw6XISAGgV6qzborSGmqeRXSkXTsoveGSOb9VfwwnKi8xg3CPlzhyAFxM2RpndwOFX5KjTGPwZHMeCBW6x6jot80bMZbXOkLfMrcAOjep/G1QNxjkOLKAk3Ci7gD1T0ON5EzhZAB6VS5GoSy9nbxZFwjsXg3xQ7DmDo5jE122z1JI/ouj63oGnfEDThIIom6i5u5gLGfP6gml8/aDqzccsjeRQPHHRdP8FeJWYmQz5/2Tju8q+D6j6leZeGeHJuXROfDubcTV8/4eOws0xuh2yAkUPZbd4a8OFjWvdGPZhHJ4XVZtJj1mNmc1kbnyNFPHQ+qTOjCJ7XyBjevB6ABbcma1dnI9zc9r7RT4WmmRx8pnAIBPSuVcSSuwIHCxya9/dI6prTMCOmuEhANXxXHZapleIXvkdvJ2uaKIPdcqepj0h44JTe5Fxqkjp/nc4gngV6LXzjOjypq/akNJa0DqPQe6zJrLnNJs9KHHdFwZxJkRPczzYmncYzxZ7WfxWKU03yb4xeMJ4fwXx6jA8NNNc0+47m10iKR+NmPfFt2vAaL9O61jRxtlioARk2W+nsFuIZA54c3o0Lo6OVcJmLUZLbbFvtE0+TyQALHPSrR4WCNrW9Wgn8+yhNEHzNiafl+8T6orQdp4unAX6ldXc2zA3wWUERc1x3A7ulHqiPh3sbtNMJ+Yd/qT3+iDjsc2SLZZFnb9U82IlhYAS3+Ijue4C7ejhu4RzNRJCOPJsyPOBBDQWu479lJmtiNznBwa7sT2UNZDcLGLmD+KiB3WgahnyMkrcOvQr0kpQ0uNKSsy48T1Mnt6O0adqGPrOJvbKyVzAG/s+l90B0RdNtY1xA62O6514M1nJxs3Y4u8lx5c6rH/RdTijc+nF3ykXY7rm5Y+/9UUOr08tsiEDXiWFzNpka6wHC2n2IWk/ETKzPDkj8yCJzm7i5zWX06k12XRcNuNhgvJLn3fKxl4jdUc9szQYZRtPHQLZo4+3ja8lEsiU90ujj2gfEbD1iI/Z8gb7G5ryBtJ9eeFuGBrzcjZuk+W/vHgLj/wAU/wBHLX9G1J+o+HhK/Dlc5/lB1BrieOOjr9094V8IeKfDmBp+Rq00mWMg1tD9xY8fwu9OFgzvLHL9SO2sWDJj3Ql2d+drm+OCJvI4oj8lf6VhnIMUp9VouiY888ML5G7LF0V0bw+Hnymdlsw5/cltOFmj7aaRs/kgYxI60q8yEVfrSudlxbOhLSbVM6Pnr0cvoOgW2G1nhtZxLcRJN8rAFG1N7CG3aGbXSV+TKkqIu7oPcolGyoltFSMuAbxZQyOUZze6iKKCSA6LyLtUSK7FFMAYO5Za0t6qYAbaxYQBlCPVELgAhoA0KB7ieisYAfRVuO8trgKxgde3nr1VJZQ+xnHVMxNDe6UbKQOeiKyTcCW9PdRYo41oPdHjbt6cpSB10U8zgApgCNF9qR2ighNPHKI11qbAkR3tRtTKgeCoA9alI4Njc+7po4UaQNQP2fTsmW+Gt3Wfbqkn0HlH5cfpmaq7VPifqwabZG/aOewXzTKwNNdV3D9I/URqfj/U5YyC2XIeHEdhdcLieS0Cq6nquRLtnVjxC0KEAPBpSMgArasSkNIo8+6HuJWdm+HSDtd+C84+9oQcSptruVVJtM0ozWz3XhOQeLA9LXnuuqUWgd1X2Wr5CCTeebr0tRmfI5zbc5wYNrLc75B6Dnheb1RmgOFIX0uxroC3NMQqy4+pPKk/OY/i6/FCfj248d0tNB5fS/xCdQU+mS88oqmORgOZuDunNJqIbzXtap8bJdZa4bforrCIkO7vSpy49vbGxZt3aLHEeYbLeLVtialIXNaXCuvItVgiuLjqmcOBwdZHPosL6NkfpfBsEWrNkDP2TXFtgkLYdH16OJ0cLTtY87ZG3W4Vx/NanHCI2D5epTTMU+YTHbQADfe1zc0IzR08LkdF0yVuPT5AJnNBvfyOe9dla44jypa+ZzjXzHlaNp+ovDg2S6d1rt6LddOkgLscQtkfI5oLgfX2XntRjUU3Z3MauKaHpMBmO8OJc03wD1d9Fc6VFO2Vr4muIa4ODSar2V74W0I6sGxmIvYTZcR0P48/kt9Z4D0vTcZj8k+RIe/FH/5LhTlPIqgjU9TBKpPkuPCPiXIZgRxEUzbe0+qtdQ1V+U4kVTq/BaPPjlskf2bNLWNeSSR8u36pzBOQ5nmBpe2yHOaeGHsD9eyyvT5nGmjmTlBy3JjmXiNk+9Tzdqpk0USFoBJok1S2DGbM5pbK0cckhZfCW24AhpHBXNlp5Y+aLYajbxZr36nMI+YuLSQArrSdLEfWw3kA9bTbIA6g4E21P48QjY2MAkBtcqlQc3bLZZ7VCkUT4XuAs7Oyv8K3ABxqwDfol8TFEjWlwNk0Vbsx6ZtaL29D3WjBjcZmWeVbTMTanJHPFJyGIbIwRYDj+fqox4rhI3aLBHKbiAaAD1BtdzHz2YJ5L6HMeIBjAOD/ABFOvczHiBPykdB79/zSoeyFrSTbhz9fqh5kv2hrQ3pVr0ejyLGjm5k2UupPdOzaHbuo+q0XUMMvyvN5MbLc4Ac8ei6BkYp8ot+7u6O7hanrD/srGmtpA6gfxLt082NSkRpp7ZNFbqequ0mRjo3bGuYHXXFUt7+Gfj6PxbpXkxytfkxGiwmj1pcC1fWptQ07J0vKPkZrHOMVPsV16+/oqv4Z6zN4f8W6dlYr5GQ5DvKmjJqieOAuG9c8OXZLo9DPQLPh9x9n2rjaeMnncOHEX9FYSOjx2RtJNtdyK6rV8PVJDG1weeG2aPFpHWNcmkw5HR7/ADdvy7Twt35vDjrb2eXjim1Rtup+M4oYnxvlY8tc2m7QS33NqnY+DPx5H7GNHLbjFbhd2fdfNL5vEGteNI8acTeWZLNOLajDuTfcr6g0jAbjaTHF9991bhVt7H6rTl1c9Q62j5NNDT1JMLiCTKfuDQLfdNFBbxpELcdsf8R/Ja9gRsxo2WAHArYsF5IHA4VunxrE7fZlz5HNUmXfnAFv91VsjNr+vU2iQOLy0nsKXsgbZq9rXsfT5tyPI66FKwEgtqGBSK4WFDaV3znbrSoG9qg5pR9ptYc00pHXQsRd9lER13RXgg9FgNQSYsNHRYdyAVNzflQnmlNsAJO00sOcBwsv5chPb7qAMl3CjZQ9xDq7LO5AGnQ45tOw4zhXt0Towi3oESNhCzlpBkJAukRrSe1Iwaenqs+UWhAh6JtEJ6OqF9ErGKq+QmWvG1MyQpcD06KTDzwgFwFCkVhHbhQiWMcmlkMsc9Vhj6bys7rTCkgKC1z4i5/6s8EarODt8qCQg+5C2MOFcrnH6Qmp/qv4Va68u2h8Bb+J6KrJ9jGirZ+UfxBzTqGrZMl29znk39bWgyxkkuK2vxO8vypnE2Seq1+Vo2u+i5S5XJ0orhFLMzY8oO4ByZmYS2zzzSVMfzLPM3Yye70WCSe6wGkL1FvB6quPK5NJJrqB9Vlrg48qBBI4UG2CmpDpsaaadQ6JmEbqtKR8pqIkUqZpliGSwtAPUIGVJQ/BFYXHkFJ5pIujRVmGG3spyNz6FoI/PlJIAV5hQ7WigkdPxvMkbfUjqtjxYGud8rdocN4H9ntSy6qSsv08WZga5xaKoWrfFg5JqzdKGLhnixyr/T9NY5wDpAy+eVyck+aOpBA4tOdM35eeOPr2Vxp/h+ScMpjvNl+WMDo5w5I/JWWl6fiMIc+YGzbaW3aThY87Wtjc40OK+q4epzPGnJHWw81ZRaX4TfNRY0FshBYJBtuvf811Dwj8P5DKJJYnwwtZ+92ix6u54Avij9U94U8PNypRJNYZXO7pQ6n2/Bc2+NnxxyYHy6LoNx48fB8o9XDj5r62OfxXLwQnr5fsas+oWPhI6z4p+IOjfDXGihglxJsp7DTg/dsr0voucYfxqzPFmRL5s0RiZTmA168jovmBmoZusZbZs2c5MZd85aSRV8XfPC6z4O0zymRtYwO2/IHBn3y7nd+Fr0n5LBpY0uzkQyPJyz6I0LUP1jAyFw/1Ytry/wCEV7LddPxmsaWxvoOAJZXDiOlrm/geeeOhPtIBa0Db1tdh03Egl8skkOruufkipfaO+AkGGHNIIHHKcGC2WMjb1T8WKxryCQW11Q5C2N4AfwTX091zsunjKNMVZUmINwSXEAUWhPfq8xltAdE15cbXbWu3Cr3JtkIkPJ6BcV6Pa7LfeEYcboA0ijwVY48D2kiwb68KUUR2ingfUJqOAdS/n2UxwOxHlsmyEt579EtLG6MW3rupWcbNrByHJXM6Hiubpbo4El2JuQENJljvv1TjQ1hBsUEi2fkE9R0UvNJ7roaZKPZRke/oFrEzZYm8gG+NpWu6ljefjzw0KI83cezDxX4dVayOdldB9x3Ir+aFkweZvDR90cj19R+K9LiayceDNGXtu/Jwn4j+H4ImtkwoHx5Aj3ZEYJ4duIY4O7cWVj4c+F8zxRl45ZDszIZGyyZDjbJg09Qf4fSl13VtOGrNgglxN0bWgAgUXgknn6LfvA/haHS42GHHFjncRQ+lDhc9+le/ltPg7MvVHhxUlyWWm+H5I9Njke0Bzxu+Q/Lz6eqUk06RkgcWbmsviuoXQMZhlxAx0Y47N4AQxpXzC4q9LWzL6TCcouPg87HWONuXk5tiadj5GVvGK3fGaBcLIFrcpMvaI2u5dtDSUE4XkZGQ4NpxO3p37IkmNdFw5pW5ksSqHgsT917pMaxXukmaexda2jEO1ppa7p0QtpI6dFsWJyOVnwSlLmQmVRS4LDBp79vcImSz9raFpzCMhx7pnKad9lev9P8AuPNa77BPgHlY3WaC84E9FhrNptelRw10SUDblJeHANKRrBObRUC3lFcbslDQFkCOyDJ1RXE2UCQm0FiBvIQnA2pFZJJHugkgYyfqseU5EbuHPVSpx/ipACbmiuiWe4A8AKMuRYSpk5VQxYB4scKRcDwkGScFHifYQAyOqm1Bb0U29UAGbQ6qbXgFD7BZagkOZg1e+0AKDBwpUi6BE2ZAJXFP0t9ROJ8J8yPcR5h9e3Zdnay3FcA/TKn2fD5sXXc7/BUZ5XjZdj+5H5n64HPyJLJKpJvuu+ivtYj/ANYkVGI6IWBdI2/qZXStBBFJZ0fzcCynp2UB/eQdm7hUzjZpjKhXYSelBZ8q7sWmfJpCdCSSsrVI1p2LllKLo+Uw6IgKAj6qY9DnoSGiiLKdiAIHAS0cNuVhBjebTfRIwIsDr6cIE8BPUKzezy4Cxv3hxaFDibupSSy7B1HeE0zE+Wz2VzAPL+Y9vZLYkds+QcO4/JOwwPc4D1XOyT38m6H0cDcWWSBsJLv7qscSaeWSNrBZv0SUGKAWk9bV3gTPYS1obweoXPyGyBsGg4RlewTcbe1rqHhXHxonRENafXlc30t+97TzdbePf/stx0DVA2VjSCOOLHccLz2rjui0zq4b8HZ8PTGZUW2P5GujdGC3sXBfKfjn4f6th69NA6LbtlLw4N59AV9ReFNbhkjbHIOSPnAWx+IfA2L4kibIY7tmxzh12df6qn0rJt+mPZVlltdzPi3QPh3Fp7/Oy3h0rSQ4vbW0X6dyuqeGsrCgzYYGNaYWn5ZNoBKtPGvgiXT5nWNrCCAD1FLVtKxpWzgMi5P7S/ovSze5/WUxUabR37wtg4uTFC/y467X2W94Onx7RudwFynwdqEox499Djsum6RqFgf3VlcYMyycvBsUGFCWEbrv3S+Vp0IFgjr6o8uUGsNVyB0SD8sbunCy5VCKspjvsbxMJrSA2j7XaeYxsM3zcWOAqRuYQ+xYr1TkeWD8xuz0XP3wZftmy7hwfka6N4LCP4lKTFczqQT1sKrjzntcAfuq1x8xpiB+Xr/EeU6jCfRU5STozE4xivRQzOW3+KISJDu459EKbgJfb2E7hNmODs578f8AEhSNMLpI3ii0/wBpFlkePKDKu0pk4pM7t5JJCeEoQL19fR5srI330DvQqbzFRs7SeQ5AGJz2/FGbhlwFVfZb46lY0ULDvm2OQSY7Y4mvLSWgkOPVXuk6qIJ4WNNROO0AdLKqMbBZIy3feA5+qcxIwQ0AUGkELP8A1PKpr2+iZ4IVyb/j5jY5GUAASGkf1K2E1BE6UgFnYlahh5LYntc/hjWfMUaTXpMxgji4hApoPYL1Ol1KSbyeTh5sEpSpdAs+VhmLm0Ldd+6G0mR5PJBUo8Iv5PKsMTA6Ws+WMssrXRshLbHaexMZ3BB6q4xmkDqgRQbQAE7HHxGkhicWUynyWOBHwX+qJmtIaCjY7Kjj+ihmNqBp916jQqpo4GodtleRY4USCF5ztvKj5i9IjjEuyGXV3WXSdEJ70wEnPFIXmBQJsryCxdEZDzfqhv7Kb14DhAwB7CF7YUd7OVgtoIAjG0jlSLQeyyPurBNIA1+OEHn1WX44WI5Oyk+S1UMC2gIsfVYMfBWWAg3SgBhgvhMMaAEmHm0eOWkAHUmg30Q2vvoibzxwgkIeywvbty8pJRIEV1Xzt+mPz4NiHq+/pQ4X0S1llcD/AEv8Pf4LjeBZDr4+iy6j7S3H9yPzX1tl5Mpr3WtkfO++57rbtbhP2qUVytcyYBG7ngg1+K575ZsupMRdEC7krP2YM5HJ9FNzSX1XKzPKIqcSOOFXIsjbFJW7eUvLKGAd7Xp8jeTt5S9l5NilTZvguDD8nn5Qo+a55uj+Sz5dWsfddQ5VbfJaNY20P3P6e6s452imxdFUstw907h8EX1VT7HG3dfU91mOPkI0cQcb9U1DjsBWefdFsUwuLjbhyOFYRRtby0UB0aetoMTXFpI+WuytcDS5J2lxB4NH2KocUkaoKxeIuLhwQD3VthxucQDyEWDDiY1rX/ebwbTOPEHybYx0XKzT2ujoYo0W+HC0Nab5HZXmFKS5vNV6qoxIHN4Kt4QGkCufVcLNJOVM6EHRufhrV5GTltEur5SD0A+9+a7T4f1R0uADHI6O2/c/ouA6ITFIXg88AfTuum+HdUkYQA75K22sEceTHL3IMef1qmNeMNMl1mNwfKHynqaskDotIxdA+ZxeCb+Y8dCOy6PnYbsp4dFJ1b1CTkw4sWIhzfn6m12dNqd7+pGGX+N8eSk07Gfi9+hW4aRqHQOPIPBWotyaLhYsmwFcadlDcB07q/NJJtoRxvk3qPUfLg5NE9AlpNRIft7FVEmU58ba6gcI+I10rfNdzt5Xn9TmcyYwLzGcBbnU01fKNHl+a4s3AA/Keey1+XUCXfKdwJ7dk1j5YZZq7H5LG9TztL/bvkuftRrddkcfkmMTOdMfmFDpZVHBMXAEmvZORZoi3MIo+isx5afJVKHhG0w5IYA0EGvQrMmYAeQqSHUQ5wDR+ITPmGSiBZK0LUb3RV7XyHdOSfUX2RnE5M5cAQD8oNdGhLMDRVmkxJlMiBDT14URlKXbDaF8kRDc7r3+ibbkQhri1zd3FKjmzHBpJdwsQyOyMklothr5fRN7rjwaFh3K2bPjyOlYQ08gdQKpExXNa4Guh5HclJYznQMeQ0An0KawWmRwPQ9Sk3OUqKJLaqNhxt07Q0Osu6prGw2+eACChaLjkNL+oA6q2hgAAkHVevwaduKkcbJP6qHsaFjSAeqePDQB0SME4BvsOpTrXB/IXVjVbTLJ2EjZYTWNF/FXKWjI/nSsMYho5KuhHkonOlwPwcuZ34pYz2VjN+qlitBc2uV7UBcDQfVdnSKnRxNT9pSvsOJQg918cJl7EIx8r0C6Oe+kCc8mrNoT3cikVzaJUC2+oUjJqgd2vLLhRWEDHqXljdSygkweB6ITuXIjzfRe2BAAyLC8OALUnAAcdVAuP/0oApIoSDyFN0bW9VZMibVmkOXHDulKumMVbrHVea41XdHkZ7IRIaehVYHgHAokZO7leabPRFYyygkI11UiNkDkMtbQsFZYAD8tqUMHYO6yTTllnRRcOeqYCbX8+y4/+lFhHL8ByOq/LIJ/ELrrDRK0z40aWNU8BZraDixhJB7+izZ0nB2PB1JH5ba5gH7dKaH4latlYoLX7hTr4+q6b4s05sGpytqvlLlpWfjBm/i/m6hcvHL6eTeny2aflMMJ9CqnKlc/hbFqkfLqFrX8hhLuAqJyro040mKNDt3I4pSIpTDDu5WdtdSsjkblF+CIYSFER07ojNe3pRKYga1xFjlK5NDUvICNlOpWOJDu5/BZZA1z+ArbAwxQ4HW0u4sVGYcU7QK6J2PGHonYIWEnojshLjQAWfudsviDxcRsLWSOPHJ59uqv8VhgiY3aQK2tJ43DraFjYMW7mRrW7RRIuvVbFpuHBIQWjjgHvf8Aks+Wd9GiCEo8Jkz3dbHJ4TEOjBr7JIv5hSvZMeLF3Uy3GqoKePsmayhTndQeoK5OWLfLZtjwAxsVoaADbu9p+KDby1u4gWQOT+SZx8EOAJ4F0E+zAaHhrhvYD8waav8AFYniT5LbZLT2tY4Agda45W26Qx0TrBJBIoFUGDBt2k8V3I/ktqwo5W07aKAHRWRxxfDDe15Nnw5TJAR/Fu3NQp3NlfJuIvup6cHENtpHZY1HGdjCV4NcXyES07x3tK4zUpUzW9RxGwzOLS2jz9EzgSDzI/mHPCDkP8xr9z2/tD6K20TS2bGve8UOeiwtTmuzVNVAe3h1NH3gmXZbmtMDKrqSkM+Zsbj5XQ0Ao4w6yOJ3O7en1XHytq0uyYR4VjYuOue6aglaQSXVt5+qQkcQ0E8D3UoBuc128Dadw+vuuTK1K0alFUWxyWvc0NPTqQmYIvMJO67PdJQtbwAar14Ks8WM2AArIbpvsHsjzQ3jRGMg9vVPMm8u3E/KlDKYxt9EpNO+SQtaaA55W6K2Gfb7jLH7WXHg2svn2c7ieSOfZIRN8sWHWSiGQOvnih+fdX7my1Qj4Qy9zpB6gi1cYGOB8wHy0kdPh3ygkW2leQFrQGAcJ4QfbZVPIk6Q3DGXMAHU8K4w8VkMQLuPVI4sJcRRHB5tWU0zQ3YOLpdjS6eNOczjajI7pF3hzMxMaieo5R8bM8ymtFjqVUwtE9MaSTXNq2jxxDDTfvOHVerx2kkujly+Romy4N71SexiaCSxXANAcCSOtK0x2ggEdPRbYYW2pGTJkVUMwsaQ2+t2no2A9EnD95OxcbfdaHj+q0Ypy4LDGYLaR2CX1ElsbQet2jwW0cpTVSQ8C778Lr6WH1Jo5OaVxECST7LBPC8D7FRuyV1k7uzP4RBwslQK9K/b3S732eExG2+Sbxyo1ZpDLyDV/kisPRBalSMtj3Gq5XnMLUdhBAB6ey88A9ECNsX2hT2he2rJ6ILALwAUBwBKNIw0SEuWuvsgAQcT0Xjbl4N2BZMrR3UWiaBuYCgvjb6JgEOHVDeElIkG1g6UjNbQukMCkZprtaSgMbd3ZZa3aeiK2/RTEZPUUglAya7LI2kWRypvbXZQ6qRjLWjdwk9ewhqOi5mM4cSCul1wnGk2jFocCCLB6j8Es47otErs/NX4o6G3B8Q5kTmbTHK4HjsuVatiiMSAA0TXRfVv6TPhF2m+J35BaGxZMZ5Hra+Y9ei8vfwavuVwftbj8G9Lo0DUIr4AoE1yqebEAdfC2POY5w+VgPKq3x7iboEdqWeaOjCKXRUHB3nosP07aAdvVWzIwHFZlG4AUsORvijbHoohgndwK+qbx9PPJPblOeSbu/wTEQAB568JJZE+hqTPYunOdVdFsGBpVMbfJpV+JIdwFq5x5JGgEO4KocpFijY3DpzGAOc3r2/FXuPgYr4/lFu9lrjJpnOZbrAdVfimcOSdznODy0NPQJZZEXbWbNH4cbNteXfKerByb9/ROx4Bwi0RMIaOvKXxJJ3RsIkNVdgUfxPdWsTnEEb9wuunUeqyNtmiCaINZLM43xfAtWmFpzHzFzW0RX4IePGXVx3r/IqwgeWvpvy9ifVZskkjR2izw8JmzZJQ54KsXYbWE0wDizyqVk73gDdXKfxcuZrqkO4VVkdlmeVLwChXNllBjtZ907XOH3m9foVe6XhgRiRziGl1UwXXufRVmnNEkbCQA4jorUt8thb5uyx91vH5+qsxz5toWTouxltijG2qBvg3/NU2uawHskYAXmuoHyj6lQyM0WaIAq6HRa5namWveNxt3FD7v5KvUam7SNOHEnJORiKUzyAh23n7q2mB72Y0FkjeLIHVat4Y0/J1bUI/KjdtcR1HA5XaYPBu2FkkzQ3pxXSlVpMEs4+pzRxcGnw6fLkSbttkjk9kzMIMSO3OG89Vc6hIzFssG0j5doVO3AfmPt0ZIrusGu08cN7ewxZd9PwV4lOU7g/KOiPHE5p6ENPIVzj6KI4/uUpPwC3qOAvNPTzfLN2+K6ZXxmQuBrnuU4cx0LBxbvVYlqJtD62kJZxyHFJ7codMsi93jgb/AFpLIa/mmocjjc7gltXaqYJG3yU0XhrQbLh6K+EpfqJca+0sjktaK3o2IHZB4PHqqeCI5F3ba6rZMDFcxlNHC0xbuimcljLXCmbGwhvNila4sbn0/oAlcLBAcAW0ALV3FjkQfKKHC6eDTTy8nIy5kmEx5jGH8XYtM9WNc7k9aSrIy089E8x+8UGjoBS9BpsDqmcrJPc7L7RGMawyuHUVSsGkyGh+ahgQMhxWtceTR6JqAxNIF917PFp1sRwcud7uAsDRGKIsp6Mk1XASpLXOsFN453ACvxVtbeEVNuStjkDSVZNjDfLSeLW5WDQDt56KxRtMxSnK6DR8NKqs2Uvncb9lYul2NP0VNK8ueXHizVLqaZbaMuVXGkZ3E8FCcaKluI5IQZZOFtRVTBTuvult1u6oj39UMEWpLF0SDD1u0QetqAeK6qL5K6IJGBIG9SsiTdfISDn7j1IU4313QA7v9l7faWbLakHUf+qAJvfwguAJ5U3G1AuI7IAqpMgXy7lBExd3QGQPlNl3VHGIQOqqGGopCS33Fo1bjSWisEeyI6SigAroiBY5UmBwA4Q45LKZa+xygA0Q4sohd6IIdbRzSk11d7UMky9w7oJ5KI7a7qhWAoRNhYQCQjeWPdBieAjh4TJEPtHFP0l/B41jw3Jlxta+SB+7p2pfB/iXTnRyStINNAdz3sr9RfFGlN1/QZsRzWn5NnTuvz5+LPhN+h6xPjOa4Nhe7k/xWVw9QlCd/J0IStHAM9phyKA+VpvlVT4miQnnlbHruOY5Ca6nla1PLsffULHN8HVx8qwbmAKDhVUiOcHNsHn0Qi8gm1z5I1KRAkgggBR2PO5wAoD1RN1qTG7j0FHhU20ixdk8aYtI4oqzincWg7iLSkcA4NI7WEGlVJ2Xx7LPEkDtoLiKs/j2WxaZjB4dfcbzXp/mtZwoCSflPJBW3aPjOds6t/iNrHKKfJoLzFhEZYOeB2VhDGWsFEmm7eULCaCB9KVjHG0MWfJJ+C2LCY7w2OyKdQFfRTEu3pXW0lmSGN7a7mqXsOTzZS13A9Vmbb7LkuCwY8yFoZfB5tXWNIzyXB43cV8vVa/DkFx+QcEkUtm0LGEMfnydSOhVSXPI10i6w43yxiQANAaDSZy5mwAMLy6Sr4VQNTfJI6GMde4Cs9O0ySUiSS3PHqq5tt0har6isMeRmfM0GyaTmneF5JckGcEj27fVbdiaUxoDdlEd/dWsGIMdznOokCwh6e3UhnqWuEW3g3RIdKg88xsEbfb5rV3q+viSLymGzVUAqPBmlma0MHBB4tXuleGnSu3yNPS+SvQYW4QUIo5Mlum5zZrX6qlzXbnNNE2rDH0zywAWlpHotzi0Z0Ta4AHssHSQHknnhYsvp/uPc+yxatrhGrux6ZyDSr8kUK28Xz34W25WBbCCBwqufTLc4ACiKKryaH9h46lt2zS8nHe66B72kThvJNtJHst4fo+8kkfksN0gR9G2udP03c7o3w1yhwabBgWeGu/FPYmmPc820kehW2Rac0AXHz3TkGCAbDaRD0pt8hPX39pR6forjsLWdet91suHo5aBfAItORQlobQAr2TLWl5BJ6ei6WP07FiluSObm1E59MnjY8YI4J7FHkkaxm0HhAsxkkd0vLKSfX2W+EVB/SjCk5cth3yNAHJPKe0OM5OQCR8gPUKqjt72DbfPRbdouF9mx7rk8/Rb9JieTJcivPNY4Ms3SWLoei9AdzuUMWOOyPBGByF6Ga6UThQlTbY2xlnhWOLGABykoenPVWGP2SqKRE5tj+O0AppleqTjk2nhTdOGjhalGqMrdksiYC6KTdRA9jahPOCVBkgdwV0cUaRU3ZOSnNISc3FgJp5AbwLKGYd3P8lcQIEOJWBGQCU+3HDSSQhzBrAUAIuaQogk8G0TzAbtSjLSeiAAGN98DheDJB2TxaALCg5+1AC7bb6Ihk446r1t9Fjd7D8kASjJsEgLzpOegXt3HCGSbQBXRxhvF9FPcEsZeSo/aB7qmxhokhppRY0u6m1Bs4IKy2T5gLUgHA289kSOS3INn1Xg7abQA6HAjlZD2t7JYTABYknFKGQnY4JWgWRwh7m+iUZPbSDyLU2v3G+ygehqN4Rdx9UCIcIyGwI+ebNjgmz7r53/AElvAAnxH6ljxmQ8l7a/h6hfRLxyqfxVo8evaJkY8gBO0tNi74WPU49+Ntdl0JUz8s/Fmm+VK9hbQabJ/wAFzvOidDI2+Qb4X0Z8aPBUvhvXMlpaK3FpbXHPelwPXYDGd1AAWuI1aOjjnTopWE7iCKKy5oKiC7e3uaR3MBArr3WSSZ001YBjeeExE2iotjHPZFjprvX6rPJcF6fkaiBJTkUO42gQUa4VhAzp/wAXRUyjwXRZY6bFdAi+y2fBYW1XZa7gROGzk8lbHhk+qyumabLaI7OnRWEHyuPy2KukhjkFzXEW14/p1T2TMGQgsJDqrhZZxLooxlNa4bifmB3Aex6BQiG9waxv3upCWbO6V1Os/UJqGcYx3LHLg0R6LPEhjxYS55G61bYc8mY0MbbWgfLS16Fkmc/eSQzsL4W9aHo+9jAOLoEhJFNukLKSS5C6PpRZMzoT1J91vWn4EcWO50lWaSWFhRYMBNAuHqE4JHP5A+U9lthjrlmDJPdwhp72suua7qcTJMt7I47LnHbY7j1/BKyuuEMjvznGiK6BbD4bwzA6KQ8kcc+itUPeyJFTe1GzaNp0cEUe4Avr81sUEzWNAAoDilUYsrbqh+ScEzQvQwhHGqRyZOU2OS5Yoi+Ev54e6hwhOlaR0UGvAc2hXKlyGjFJBnRNkBtJvxg1x72mWy1u78oTpwD8wCqlNdUWJtdC/wBmDugUm4nP3UR+XEwgNP5LxzmA8KrfFMepPmiTMSj90Ioxw3tyhMzbNg8In2pvcpXkj4ZOx/AZkfCy0gEUEr9truUXFlGQLFLM8o3ISUmigtjBd05U3k0ntP0907muIFJowcnSByjBW2MaNphkIkPboStlja2GOh35KHixCDHDdoH0C89xJ+UL0unxqEL8nns2Z5J/sTZT3p2IAUAEljNLibFJ9jdtK++eilsZjA4TURocJaNwFIxyGsbVAFXxivJTJuuBzzQ0D1UGku68pMTGc0DX0TULT62roK5JEukiL4Q7qFgQgEUiPeobxa6FVwZ07JFpaLWGOp1lSLwW88pSWbagYae8VfokMp5dyBYUDlVdn8yombzTtCPFgKvLr4FKUchb1HKbbiGubWHY20oAh9odXRDfOEz5VNHCEcez0BQAJjnHsjiOxysUAOlIkTwW8oACWEO6qBab6lMuc2jR5UKQBrkk7UuZ+eyhseO5CKzGdVm+VnLaQRmVfCPHNuICUEfKKxnT19FNkUPsPFqBfZUWEBvJr6qbKcetosKPCTdyhPducmzH8iVe2nBSwsLGzfwjBthCBFjkIgfxxylJJh20UjRydEvd/VEYRxyoAY+0L3m1zV+3qgWpgBxAJoHglQ+QOC/pK/DFusaW7Nx4yHxNO8j818BeMdOdi5EsTg4lpLvz4X636rp8OtadJjzAESA3u/ovzw/SP+HE3g/xHPUREGQ4vYQPut7NXG1GPZNNdG3HJUfNcUex71nfsKsJsdjXDinEGj611ScmOQeAefZZZx54NuOfyeEu4I0A3lLMYWHltX7JqKt4N8Dr7rFKDbo3xyLossZnyp2EU+vQpKBx2EdfRW+NC2RoJIshVPG3wXqaQ1iXwthwdwMfoqfFfFim3Dd9FaQZsbB8wA9iq/YRdGaZdsk2i28BedJvIDgQD68JAaqwuALeLvpfZEbkPlO2jGD1c524OHt6LFkxyXFG2M/CGjNt+RnX1T2FhSSzN3fklInwxM3OIdXa+qNFrFEBvDxw4/2z2r8FzcmNxNCfFI3LScHHhAfKQ0tPy8/xdle4+v8A7V0cYpoFGux7rQsPNOUbeR04tbVoOMZmNIHAFKIT29IrlG+zccEnLaxzi6q+aj27K6ggPF3+KQ0rD2QBx6kUFdtpwHPNdFpSlLmzDKk+CONE77QK9VtuBH9ngYD3Nqp0rF3NDzxTleiI9QQunpoP72ZMk0+BtuRQPZHjmsUkGfL9/wCZMNkvkGgulduzL2MmThR33/1S5lp19V77R6hVy7GUWOCTYOOpS8ksrjz07IX2gdhS8cgg88WqMnK4HS8M85rnmyFlsfCgcmz60vB5cborH7fyXrd0ghZ8qX857XkDsU2xm5tobYQZHuvtQQ8VdDpy6YSCMkKzgiaSwC7pAw47CusLEAo9C5asGnvtGXNlijGLhbqFd1sWFiiEOd7JXFibFTrAIN0mfPK9BgwQjy0efzZ97pMM54PB6KNNcRSC15e4gorHbSr3BvooY5F8iOH817JRknCl5pDVogtq5F7G3ThrePvKLJS489UCMb+SOU5jQ25LbslcDmFDuNnunuiVYNopGc80Oq34Y7XuZQ+WZeOaS8rS11+iw7IIK86QyNLexVz7skGX2aQZBuBUpI/ZSY3jkV9UAVr2lr0WHduHp3Tnkbz04XjF5Yod1Fc2BneGt4UPMS8zyx7eEMTu3H5q5UgPE2wKNoLJT1JsorjYHfhAEHsrlQMnHZFpLyx82AUAFY8d+il5jEvHuPUFFFgIA15z2N6r3niuqrpXl5NFQDZD0P8ANZy2i1MsZBpRa8Ag9UrGHOPA4RuY28hAPgMXF545R4Ad3A7JWHIBeAaCda9oFgoI5Dl/yUeEAjcVgyteevRefO1lAn8uVNhRnZQ9lljiEIztd0P5qUZSsYZaebKKxoKW3Hsste4FQTQ7tB/hXmNsUl2ZHupicN7oQnY02Lg9AaXJP0ifhdD498IZJZE05UcdtkbQLSO66p55I6qExbkxSQvALHtLTYuv+qozwU4UNF1I/HjxLpsujarPjTMdE+F7mOa8URR617pKMbiLHa19Ofpk/CN2gasfEeFA7yckkTNPNHsb9F8s48rmkgkEeq49NcM33fRZeQx1W1SZp4e6w3gdUKObpZT2M+w76JJOKLYSaDQYIaK29FZ4+OIwLFduVDFeAyiOTSsSGzxgDjn0VO6PbNCkzDIhIaaSUCVzhfBTEmDRJa83fcoL9Py5CNrwfxSSyQRuxQbMY8xMjCHWAFctyg6JoFA+xSEWl5LYze3p6KcWDOCGkAFcvLkvo6ONVwOnIAFE0iYxMkra5orONpDpNu6ybV1pWg7prINWuRlf7m6LSVMY0nGfJXB68Lo/hXTnRhrpCWNA5B7qj0bRo8fa88kGlu+m4/kxBldB2VcE2yjLOlwXuM5pbFt7KzxYA7k+qrsCP5W8K/wobHI5K62PG5Kkc2WRR5ZZYEDWQAHjlPlpC9jR/sm8DqmfK2k0CV3IY9kEjkynukLdOFljTXKM/Yel/kpMj3Dv+ShodZEuwWwUouaE22IdO6w6DuAkaHWVCm0BFEYcLA3EIog9QptaG9Emzmx/dW0XdAB1FFeG1vAKa2BwsrEeIJbcAeEe25PgVZtvkWDnl21oLvomYcJ7g3g3utWWHpm2iQrOGBkXUK/FpG+WVZNWvApp+FfZW0MGwMdVABZa5kQtoUIsoyPLAOF18eOMFx2cbJlll7GB7KYcb5UGccUVNaUkyngk1+08KfzP9qQN4BRWvvomaS5JSYdnyd7RY7clm3adx2c0Rz1VVJ+RuUMwRlx6K1xYNoaTwgYcHQlWYkawBvorcUXJWxWyBDR2Q3ytPQr0rrJpQG33W1fBUIyyEOBKPDkg0CKB7rOVExodfolInAOo/gm6JHi9gNg37IbvmNg37LDWl3QKTWHcobAIwloPFochL+1KZIAorAbuulK5ATmZYspMNBcaVlPASDf8kvFBt6qQMMYABaKHADqpuIa0cIDnVzRRwBO3V0QZHlGbI0DqlnuB7oAJGSRyOEUdEKP7qJuodCgDQRkWUxHOz1VHFmB5r+dorcxgPND8VltF1l9BOiSyue0t6WqzHyWuaadyhZGY9rXc9kWiOxoy7JQN1FHblkM4dZ9lSDJbJ1Nv+qNFJ8t3SLY5Yy5r2VTuqG3MeTwSfqlPtIB5N/iiMyGAE2FHPkih6OdxFkozc8xhVL9QYDxQH1S82ewmw8V7FSFGxx5vm83Sk7JLVqkessjdV9PdMv1poYDuH5qCTYmZX/EpHNLj1Wqs1dv9ofmmWakx/RxUi0bIM4NNEkqRzA5p29e3K1PI1YR2T0Huoxa213Q19VD5IY98Q/CuH4+8NZ+m5UIcJmEM4sjj+XK/LX4keAsv4feLczSclrmGFztgP8Qu+Cv1FZrALmjzBz2J4P1Xzv8ApY/DFnirQT4i0+Fhz8cAytjFgN7lYNRifEol8JUj4lxuGsN/eANeitsTqR6qsx2eW7Y8bXNNf9VbYzObB6LLkhS4LI5KZb4kdi+4VzixbuDV3aqsaPaKoHdRtXWGKN9OaoLlZINmmOaLHo9P848D81ZR6V5Y+UAlG06BzwztYK2LTsIHbubdrmzjM24syNfZp8tctaVI6dJ97YKHst6xtJbIR+zaPwVlDoMbiNwAHfhZHCa4R0YahLk5/h4214tv8lsWl4/mTta1g5NraGeG8Qi+L+iYj0eCFu5gp3ss0sf/AEy/34z6MYGhgY7rLdxPCvtPwHAEbfblUscc8FeW+6N8q/0zLmLD5lCvxWjHsiqKpuT5RaY2N5LRfbsrTFyGR7T69lUS5Tdu4uHZLxZL3zuDeW3QK1Rzxh0ZnicuzcY85oFcn5k2MphP/VaximQsaCTd3asmvLPvAhaoap+TPLD8lycljVNmYwNPKpHvceKItR3Uw83zSV61LwQsK8F6M1t8H8VIZoPVUce53R20e6PDTX26QEeyFrFJ1Q3tUXQyGkc9FAZDAe/KRMrNoAdaNjxkEmifSlpWeK4ElhtXZYwVI4EDhW+PCzy+AADxRVbjM2i6P4qxgmawUVvw5It2YM0KVIcLQ02ous9EMzBwoHlSMoa0X1pbrvyZFFoFKXt7hSw7Em7slp5hu+9wi48wA9/qsqleTgvcfo3FsZOFEyUEswlwu+ily4LrKSUEzFtJl/dGicbA9UKPHJPr+CscXFO5tttVvI5cUWql2SxmmQt91e4eC48kdRSjg6UGBpcr+FojiDa59U8IORTKQqYPLYG8AgIRheSDV33Cam3XzygfaHssV9FtglFbSptskYGxtBvnusUzjjqgSOkffULFFrmDd070rLrohWYnifNzVD0KEzE2uDjxSsmvDe9paV5kk/sj09Ur5JCQsAFrEjRXy8FTjHy9VCUU011TRSAWIJd1CntLSEHm76I8NyGroJwMvbuHuvRRAAWEVzRHwhOkINjgeiAPS499BwgnEcR0R/tJIpTZkA0LUUBWPwyzr0QXQgOHratpJA8eiSkjvlSBmCIHgqbmNaaKGwkGqr3UJCS5AHHWY5io7/wSeUJSTTq+ip8jxxHECbBr2Sr/ABe2f7rFjpFptkOY+HlwI7r0+rxuafmd+K0bK8UySbvmLQDXVISeIgRXmk+1opDG8DUqyAQ4kc9EzLrrBGOXA+i51/pXHjgkvDSO5Vdl+NYgHEz3Q4DVKdKyLOjza/uIonhBk8R7WGi5coyvH8WMN/mE8WRaSl+JMJjIe75u20qLlLpBuXTOqu8UmxZdyapYf4thY0h7ttLhepfEEF+9riK6WVR5HxLc0295r0BUpSYWj6CPiiKSS2vcb5Q5vGTWNp3Fe6+eP/NAuO5riBVDlI53xMke2txodCCp2yRDlR9Js8ZNPLXN/FyJH8Q2AUZOT7r5X/0/k/hdt+r0vP8AEKVzgRPz7OQoyYu8+os34ggxuIeAbq7SJ+JcUFb5wW9+V8tZPj2YgsdK82e54VNN4xkZJubK5zvS0yxt+SVP9j69m+K+M2I7ZOfW+inD8VNOz4ZYMmRroJmlj2O6bSKK+PneNp9ht5F+pSTvHE0YLRN173yFLxNqmyHJ+EWnxU8MM8OeJJ3YxDsWRxdGW9NpPC1zFnc0u68CqRNW8XO1fH8vIkEgaODfIU9HjbqLWhjhuIpYs2NxVJEc3uZaYOV8zQ4kcdVe4szL4dYJuyqU6ZNAae2yPQI+OJI6GwgdOSuTOLLIuMumbjp+plm2nCi8V+HZX+JrTmGPaHH5f5+i0HFnLT34V7g5b4qId0N8rDOLNeOW3s33G8Qltffr1Vnj645/y7ju7haZh5YJbZvi+VfYUrC5rQADxRXLyuZ1MTgzaYM1zrO42KT8Ekjze78FS4szbcD6D875VrjTNaW88FcycHJ8mqMkiyjxnEg/e/knIsaQO+XixyAUlHlAtaQe/ZWeJOPW+LSezXKZY8tKkHixXOe2+gFV6+6usDFZGGjaCQEjBNw0g9lY4s24gu6q6ON9lTyNos8fF3GwBymvs4IotuktBkbao8d1YMyA8DbR4XThGMlTMspPyBdj8/MFJmmXx72jjII6tB/BFin5HCh4o3wxPca6Ix6WGjkcIn6ra7kgV9E7HKDIWnpS9ISDf8KsWJJBvcuRP9Xsj5q0WKGjd1XYIkrXFoII6r2O1z3EDt1tEcdSodSqPJOnXYKLG6hz1WTEWdeiC+T9p8vRbIvYUSal0NGShxwUGTL7WVHfY5u/ZCdGXdlZ7rIjiT7JGcSCqr3TONuJBS7ISPRPQhsYN8qMeWMMnLLHj4osIgT8tdRacgxwCCeUrjlz5QGt4rqraHGc5oscey6EdTuXCMLxOHbGceKNoBpWuNsbVNslKY2JwKsq9wMIUDt5WmMpz6Ms1+4THgeQHdR7pohx6NTEUJbXCJJTa+X8l1MXC/cpEHnaOW8oDyL4HPurLyhKL6JfJxO7eE7TfQcIExrdtu4PoECVzQ2g0fVRYHmUgdjXKYl055Fk+/ClNeCK+RZjATe4r05aW8NFr3luaQPVMR4rX8m/zUgxWNzulLAdbyD0TckQZddEs6IuPyminj0LaQGVrQbB/BAJPY0nxiloJcQbQ3Ywd/0TEgG5BcKKw++3IRHYrW9Cb+q9vYxu0/zQACNpe4gHlH8vZXcoTZRvNABM7g5otAEhscOlILg2wsiFw7hSdAepKAIv27TQ5Szm27omK+YBT8hrueUAfCmTr0DLBlbYSU3iP7PGXxvofUFcNy/Hb3E3M0cXYFWqjK+IMwx5GCUPPZZvbY29/B2rUPHW133wATZ5VJlfEMNBqdg57HlcRy/FeRlAnzQ3jsqSfWZS8DeSb6KzZGPbC5S6R2nP+Im5oBlJJPXcqHN8f0DUjjz2K5g7UXkXuII7Wl3Z79xJJT7YeCNrN9zvHkkpFPeT05KR/wBM5CQN7qHutMfmEjhDGX1+YkqSVHm2bnleK5JG8ONUqmfX5ZGn5zS192e7puNelqP2ncFN0NVl1HrEnTefzU/1u6ThziQFRtmFIgkQn8Btos5NSce5S7tQcee6SM9rBmFJZNkpIc/WD3GtxQJMl5d94pV2UL4UDkApCRs5Dq+8SgPnN9j+CH54UXOD+gTrogmZrFdAfRWXh/WP1VltdZaz1VG8kFQe8kbSSW+iV2+JdEy+pUfSfhpmN4jxBJCfMlroFY53hKSyHwlgq/ur5+8IfEHO8G5rJYZi2MOG5hG4PHp7L6h8C/Hfwl4txYsbWWfq/NArbVtcD79lgzab3OcRkr23Zok2jSYTwOCFKON7egXdM34daZr2I/J0rMgyWgBwdFIPlA6gjuud6p4Yl0rLljlZtrpwuPkwzj96ot3sosUubRo8f0V9iTjzm0eRR/mhRYAsDaPu9KR48EsfbRR9lz82I6eLKXeHlmmi+ps/mrSHK/aV1A6KgxYnhzflsDsrnFjLjZbtP1XMnCzoRmXkE7AG/KrXEnaboV2VDE11AWb7KxxXlm4Hk0qVGnRapK+S/hyg1zG9QVY404ICoIHucxpBIcOycx53XySEzV9Dtp9M2PGyhZBPCejzBAdzT8tLXI5HXYJCdgn42nqU25JGdrk2KDUWvDbIJI9E4yZrhQr7q1yGMgt5IAVrju+YE9lohy+EJJJRLJuY1pon5vVGbnhzaLqH0VRJtY/c51+iNDEHuaQbaT0VXuyUnEdRjSdlgyR8slA8J+IbG2eqUwRTiDzzQtONt7AD1BK1477kVymukee98gIvj6IMcB/mnGQ8ccBEigJKeSnJ2uhE0uhdsRAHy2pRwuLuW2FYMx66c+ybxsVp68H0TrFOS4IlmiirZpch6BWmFolmyLH1T7IqHROQ/LQHA9FbDRxeTkplqZLwYxsNsQ2kc9E9FBdAClFkYJBd27p2DYKN2fRdaGFLoxym582M4WIXECltGFp4ZENw5S2kYbNofJRFcWrSSQNAHbsujix7VZQyD8YV0tLTM2nkcpxk7ACSeErluEnLTytKIQq5hA3XTUGWRlNG8C1J0jpItvAP0VfNiPcbv7qlkh3Boea6Dqmd7S0Dv9VWNyC1z2kXQU2ZIMw+ZQiGNzQNbZHUITXujaTfARHPYeptYndGIeKshWRIAOyA7qLSE80sb7A+UlN422QncfxRnsha23O491LXwRQh9odt5B9kJ05PPRMySxuOwAH0KBLjACw6yl5QyAHKeHUD/JClO7kojG7T8w9lJ2OXG+yddEMHE3ujOL2gUUN7JI2jaOndEhbI9rNwrlJbAIyV5PNrMk9GgaRngND64pKU15AIBVkQDNc0i7tyI9200OEs1gY8EcJyLa+NpcAT7oA/C6TUspzjut31NqbJSRz1KmcYg0eqE/Gefn/kqi0nHBkCiRwFCVksZ3O6JnGLy2ulrMsLiCD0UAIskBjZf5qVNZx1+qm7GJNLJxRt6qQFH/M4gcfRYELXdeE1HjU4ojoKHQoAr34w7dFERbRSd2loPBWOA3lBLEnsdXHRY80gV6Is8g6AoPzEeyVkHnyey8ZAeKCjJE8IbbDeVG6i1qyTwojqsOfYpeBoIuxaoxdFZMu3ovb+EDducUyFYUv3oM5N9UQuoBAyC5w46KJdEC8jnNstJF9SO6lg6o/DcQ1xvoRaVyHPa1VeRM/mqBalU6Q+2zqfhf4p6t4cLX4mXPjC64cQP69FvEfx51LUnRuzcgOcernC5D+C4T4V8RYOHkMg1eN4g3bfPjNtAPqF3XQ/gHB8QdLGd4T1zDzJPvmPzdkrT6c9folyykvvKHjh5Ng0v4rxPaPMHPutt0zx3p+Y8BzmtsdbXEta+B/jzweZGy6Tkvbf7xjNwHvwqIZmrabkeXlQyMe0dz0WCccM2Ssc0t2Po+rMbxBgvLmCVlGiCFa42r4pAAlZ7Xwvk/G8cZMXyucW16lXuB8S52kDziQFiyaKEncey6GaceD6mZkMppL2uB6UU9BlRjofyK+dNO+J8gDd8xDSP5rYdO+KDttOeHuAom1y8mhnZqjqJeTvcMwc0EfS07BktFAgWuMad8TWPczcNzq7LZMfx9BKA/dtvsQs09NNKi1Z7OoRz2wfVOwzM3e65vi+Ncd0N+YSC66A7q0xPFDCIzbTzyszxyVJlsZ7jpGHOymEm+O6fiyQR0Wiw+I4XD5NoBCfw/E2Ptre6mrXjjtkhTcMqVrg0EAWOtJnGka1gIWoDxHA54pxPPpwrGDxFjjduI6+qhRuTYbq4Noiyad6KwiyARxS1BviHHcBQv6JtnibGY3q38VqjCXgrczahlBrgE1DkbjwBt/iPotJPjbDxyCZomj0SOd8ZdDwb36jjgt6saQStEcbbElPg6dE9zn2eCmm5LGmu46riE/x5wHWMRk+TfTa14b+HKr5vi1rOWT9h05zbPG51f1WuENnJkb5PoWTV4ccAPofilJPF+LA6vMYfovnr/SbXs8yPy5nY8NXsaLk/P0Vp4dz/tUtBkszR95zj90rTGvIvZ3CHxW7Lc5sHzDpytt0LCme8SzE7TRonhaN4S09+SG8ENI5XVdMwfKaA393XH1WqG2+CC3w8hxY5jRwCmmyA89a6hKxQULTWza1q1iEpdrmg1XoENjARbuD7eim4BzOqUfIYjQDiOvClAxnyowLsgpfKjAZwfxXm5LtnR34hRdlEDpX1UshFTPjGyQSL9ENmLzvT8snJH9rlRfCQL3AD6oSskSmc5vXgd0UzAwt4BbXUqUj6+Y9Cq/KgyCCWm43dQE1UA03IY+Nu0NB5uu6UnPmu2kkAcpOBkga7bZIPZNR4Th88hIB9So5IryZihG4gONlMeW4EByEIYGH5eHd1mVkm0Fp6Dsgi75D+XHXzUT7lYa0F/B+X6qtD3zyU4J/HxvKAcOVYugDTubjsG/oVDHlhd3sdgl8rIj3uBB3IcWVsPyjb9eFIFgY7v0QzGwCx1+iAdWLfv8AKlHnMm5IohAGHNL3U3qUzFiv2DhAkznRt3tHyhCGvtd1YSfUBAH4t5nh7LEgJhkHflqJ+pJZGR7WOFdTS6U8Y80j5HuHI6BV2W2He1rCRbdw+io2zJ95fBoMunTYpDXMBb60gywmjwVvcmmnIPzlu2gfwKqM7SmNm2sFgdaUEr6+TU/L5ruhPj5WwSaUX2WtPCX/AFc8v2+WTXNlOOUbons+YNJ/BFjY6i51t9QVfnFYxga5oBPqg5+OwkNaAN3oUURRSybHdB0CC+Hc3pSuJdLbFGCHW4ckevslI8XzBZPJ7EIpklM/E+YmqWRigq2dAyut+6F5TRKP7PqocbAqpMd49Uu6N5cLtbP5UTwdtGuqUdAHNJEfFdVFUSihOP8AMBXKycajW3kKz+zs88DuOeiK/HG95AtQSVHkBp5H4Ibo2E9grUQ7w4ubVBKZGMGkUAUbqJEnMaOhCBI35TXKtI8B7w75OnohTYLq6Uqm1YFDkxkg8KqyYQbWxz4RLe6r5NLe9xoH1VbLF0a5Jjiz6qx8OeKdY8KZrMvTczIw5AN++N5u/TaiyaW8k8dOUF2CW3aWM543wJLHGfaPqr4O/p5anoLY8DxZiyapik7RK95JAAoE8L6T0T4tfCr4nxUG6RkyOAHkSOEbhfPWuV+W8mK8hzA2nEVz0RseLKx5N8Uhx3ADmOQj8eAr5Tx5f9sf4KVhnFf43R+pOb+j78MvFjfNfgPxd5rzcWclt/iKVJnfoJ+DdQB/V2r5eLu6Hex4/Ir4Z8HfpAePvBcjRia1JkwtpohzPmbQ+nquw+Gf07tdxCBq2ixyC7vGfTQfX1SrTYpK4yoN2SPElZ1zN/8AD3yQXv0zxLEGjoJIy0n/APW7Wsaj+gv8QsAGTF1LCzGgfL8zmn+fVX3hz9O/w9kOj+2faMJ46F4JLf7vIXU/Df6Y/hPO8vbreM6xyJQWO/G7tS9E2uJEPNt/SfOMn6LPxR0tjnR4sM7gedjgf6qvm+CHxawXX+oJJndKZt5/mvt7T/0gvDGqxh7czGf/AO3IDf8AMK3h+I+gZbS6PMjHy21tXz6feVX5GX/RCzp9o+CYPh98U4AB/o1lbxwQGt4P5pmHw38UsFw3+FsrnpbW8/zX3DmeJtOmiDWZUbHO4cdv3a6fxd0j+u8aR8bn5LCByRQ4S/kGN78V4PjuHB+KzXRkeFcplC6c1v8AmrCLSvivLHf+jnlOLvuucwf4r6xdrOGXAB4N2Og+6Epkajiym2vLf+E9Co/IL9TFep+EfNmLofxWveMLExjXBkmaB/8AHlOnw/8AFJ7B5mo6Xi3/ABec95/Kl3aTMxtm0yxxnn5nEUqLOycJrmmfUseMAd3gI/IY1y2I9ROTpHJh4M8eZA/1nxPjMrk+XE51f/tQCl/5e6xK4fbPF2W+uscTGtH/AMT/AFW9aj4z8L6bG7z9axz2psoWual8bPBmDZjyPtbwB9xhfX48Up/L44q0Q5ZHwJ4nwz09z/2zszU5ByWyyECvrf8AJXsHgvEhjDYtLhgiHTc0c/5rTc34/SZbTDoujiQ9bksNJ/5SVXM1rx74wkb+0mwoX8bYK4H4joqZywQ77LIYc03wdZl/VugxCTMy8aBgHRpbwqnI+KWm4r3Y+lQnNlJ/eNbYC1HQvgNqetTtk1WZ+RbrPmvPH0pdr8KfBPB06GFnJ8vbW4WfYLHLOv8A2kbo6Zw/2SNO0yLXPGFB0bsTHJsQssWPTd7+i7X8Pfh47GMPngmutnr7rZvDnguHS42NELd3pS3TSdOn+UshaABRIFUr8WCb+rIROcY/60W+kaPFitjjaCARX3VsUEQhGxvJHZV7IHtYCyy4Dp7qyxGuY7zDyeOF0ox2cIyv6lbGmBxbW08KYYdoJNhYjyHPke0R82vHI3PDeQO5CtKzIiD6N8f1UZYg3oNoUIwWtcC8k3wCk5ciUPo8t9VNANB+1lA8eyHsDjuJu+yC920AF1E9ks6Zwe1zXWy+SrH0BYPx2bGkiiDdJLU8F0kFseAmpp2wRte82D04tBg1iGc7TVHgcFTEiyphyDA0iUh9evdYy9YeQI44g2+47K0/V8U7HEnabscLDtJhLt28kV3TDJlRBC7HG7u42UeaQScEX6fVOzOi/dtpxHcdkMxW1xDbIQK+ysOLIH2QQE1HCSxx3dqpAkLpJdhdRPZSjjc17ml5BrhA4zj44bFu2m/RJvklYX9WA9AUZrpYqaPmHc2haiQ5jWg0UCsRGRMJhbQ4XSeDBkNLntog1yq2eKWPbsaXG74Vpjsf5LC4USbpRYwtLp7yTQJI9EaHCLm2HclTyJJMYPIbuJUYsh1ixt79eySmJaJtwHvh2PdQ7BV78YQO2F4BHYp92W6QO2nkdEATAjlu/wD4vVPtJPzIyPDWPpkj5Xt3bm8tvn/uq3K0bHzo2+Rva9h53CvlWyah0b9EtgfcmWTc/kWka4NEyGbd4DWttp552noV7H0UsJO0PHQG1tmof7/+4z+qq9M/cj/3Vdu/Ypdx6ZUM0Cy4lmz3S48PidxLRv8AbuFtGV+4P1H9ULTv9pkSWQpS+TVMvw55YLXM2u7FwVYzwxO+Nz46PNm230W+av8AeH1XsT93J9FDky1N/Jz+PQct05e6tvQDal5dAnkzWtcQ0XXyt4K6Lj/7r+8//wDxCqcj97B/dS7n8jWzUZvCDW3ZtC/UsMfyEtG0ckhbjN91Ued+8l+hUqTJTZRDSS1kr4WBzfpyvY+lPkYSYiG97C2nSvuSfQIrv9km/wDcTbn0NbNQzNDxmubLfXivT6rMWiRPe8tFr0/3pv73+KttH/ffgmqgtlHmaMyMFrQASL5VXk6Xsk2ubyQKoLbs/wD2t6BJ++/AJGMma0dPAc4Bp5HbhLnTg5lECxxyVtMnf6Kv/wB5H/fP9FFImzXJNMaQ7px1SM2jyNnO11tPZvK2k/uZf75/qlj+/f8AVKOpM1GfTzE97XDnhtnuhwaMXucHM5atk1n/AHP95L/72VUllsrh4bjkZy0GWrLW9vqof6Knj5OSttx/3EP0CfP70/3UE2c/d4Wc4bmwk+vC83ww9gDzHcZ/iHRb8P8AZh/eTOofu/8A+mP6hQ1ZO45x/oiHuJDW9OLvj8lCLwdOLANOA4Ic8Ut8d/tB/uhPYnR30U20qTBpSVtHPGaBn4bAWZUrXEcOZK7+hVhjf6RwD9nrGcDYprZStoyfvBO6f+/b+P8ARI5yirTK9kfgqIdR8b4zgGa1nlvYfaH0E5F4l+ImMRs1nLkt20ASvK3Jn3G/RXeifvIP7yplqckemGyPwabja58SJgwjX8q9tkFzuiNFP8Rsp5//AC+VTevZdLxP4f7qudJ/3iperyvyNHHF+Djo8N+N9QAhm1rMA5JpxWw4nwN1nVI2OytbyzTdzg5xIK65i/7StwwP3Q+gUe9kn2yxYoJXRw/E/RfbKblyXPcKslx5/Jbppn6OWDiGJz8dkg4Nua53T6rsGl/fK2mL/ZvyTbXNcsj3NvCRy3RvhJjY0okbCI4+gG0A/WqXR9H8G48GwRt2htWapXOJ3+itYP3P4BNiwQ3c8iSyyrjgzp/heISHbfI4d2WzaXojcKKJ0jQ4k3wbPsgaX9wfRWGP2/vLdHHGPSKHKUlyy6giFMDmAOHorbGkfjhwJ4dzwOyTi6D6Jw9G/wB0q4ksYJ7HAF1dFHabDJCeo3UFXQff/wCVNO/2UfROIMMle13mRjgnueym3eYy4iubSeH+7b9E7idXIIfQGbeY944I9e6CyVz228ceys3/AHClJfuFSlRCYjPG50jS1woD1SskU2NEXn5hu7FNnqg5X+z/APMmGY1HlH7M22bnXuopYzNBjMjA35q+Vqmz9yz6BU2T96P+8rfBUuTYI8+CVxbuLXe4QpJnPl2i9vf6KuP71/8A97J4f7S7/wBtA1ULQQtxchwDi5spu3dqUv2omeLtpPFFeyP3Y/FEi6R/3UEg4IGSyEk05qi8MdO0ve1orjnryvQ/vX/UpaTpH/7iAJyOiMhYHk2eo7KUmK2OHqXO7HqlH/7RkJmX9y36IAUZJJGS4up3oeiZbludG0lpNGzQSs37tqdxv9n/AAUUBjIke8/tGkH2UH6htLRsFuaapqJkdQoyffb/AHSpIo95znx0WhoI5NLwxAGtr0RR/s5+iNH+7b9EEn//2Q==','Iced Coffee',2),(3,'Potato Chips',_binary 'data:image/jpeg;base64,/9j/4AAQSkZJRgABAQAAAQABAAD/2wCEAAoHCBYWFRgWFRYZGRgaHBwcGhwcHRwcHxwfIRwcHhocHBweJS4lHiErHxoaJjgmKy8xNTU1GiQ7QDs0Py40NTQBDAwMEA8QHxISHzYrJSs/NDQ0NjQ0NjQ0NDQ0NDQ0NDQ0NjQ0NDQ2NDQ0NDQ0NDQ0NDQ0NDQ0NDQ0NDQ0NDQ0NP/AABEIAOEA4QMBIgACEQEDEQH/xAAcAAACAwEBAQEAAAAAAAAAAAAEBQADBgIBBwj/xAA9EAABAwIEAwUGBAUDBQEAAAABAAIRAyEEEjFBBVFhBiJxgZETMqGxwfAUQtHhFVJicvEjM4IHFlOSotL/xAAaAQACAwEBAAAAAAAAAAAAAAACAwABBAUG/8QALREAAgIBAwQBAgUFAQAAAAAAAQIAEQMSITEEE0FRImGRFDJxobFCgcHh8FL/2gAMAwEAAhEDEQA/APoAxDjoF05xO6JfQLeXqqHvAT5REjG810+FWATvCjWRvKkk4dRBuvadFp6q1qsaApJORTCjGAFdwvMqqUZ2ovJXQCqVOSFzlJV7WLsNUuSUspq0NXSiGSeQpC9UUhTyF7CiikkkKQoopJPCFyQu1FJJXC5IVfEK5YwuAmEBwfGue12bUFVe8aMRKF/A2jIhckLoleK4qpw4KitTlFFVuCkkC9ivEXC9UkhGIwbA05iZjZJWUSXkMq25O1WrawDqdyUl4thGvuW+YsVVmPR7NStmEqjQtPmujRqA3Z6ILBYYz3arvApnQwdSf95EGkZR5I+0Ge8t1BC7ZVRNbCVItUaTyIQz8MSJOUO/plXrA5i9F8Gdh67DlQ2kdyrW2QHMsrQZaAuwqS8qt1Q7lAc6yDGYaHLpLXYjkuRUdE6nlKA9QPAl9k+40USV5dq4wPFcCqdn+hVfiB6l9k+49USduKcPzepCvZjzvB80QzqeZRxMIxUQ7MYw7x4q0VAdLpqkNwYBBHM7XkrzMvCjqSelyD4i54ZmZrKIc5UVKb3tcGEDlKFuI3Evys1Q9wXGcRLaffYZNiNlbw+o1zAWCBv0Q7XVIyPaHDe/yKPoVGBuRoDRyWJurCiiN5pfGNGkDzex2qdFwXsqQIiUBjsWKQEgkHkqTq63fiJOLVssNe8ASdFUyqHCQlWN4gH0szDHegobheNDc0+7r4IT1i90C/j7hDpzoJ8x/KiV/wAYZ19FFo/GdP8A+or8Pk9TWtJhUVQ0yJk9BKVYDi7KgGVwPTkmdLFt3T4JBU7xbRwgD3GHC0ifH9ENXoOY/Wzrj9E3ovDnkjku3MBFws+QWYYaLqTRquy9dPoEG+myrJiwSuIU7K5zL2FIUknirNOTf0XdV4a0uOnz6BLOJ8ZZSbJImJN9B1+9kJIHMtVJ4h7nNaJJAA3P6rM8Y7XsZLaQ9o8b6NH6+SyPGu0lTEEsY4hv82njlG3ilD2W1MpDZDwJpXCOWjbiHHa1ZsvdN7NFmjrAStuIPODvCpouLtBHT/K9o46mXBrmlp0mflNvKyVpJJ8zQoAEYU8Y8aPd6lXHiNQaOJ6H9kJVwbmwW95p90/eh6KoEjVLB9GQrGLO0NRup9Ve3tjWbcNBA170fRIK7QQC4S3pYhG4Xg4eO5Vb4PBFv7hKcGre4soDN52V7ZisSyqA07GZ9bLY4fEtdJa4Er4VT4TXw7w97DkaZzNhzYncjTzX2HszxJj6TWxLhYEDbYn72XQwZifiTczZMSjcCK8dxl7ajg5szayeM4y1tBpGsR5oDHYRtN01BnLpgC0dVMbw/LS2DdbnRD1ByjGdHM1uMTBRW3v3FGM448kwFxQ4u8kAATyQDaDi+IAG5VXEeIsYC2m1o2JnvE842Xn6yNuZpKIuwE0VHtPTDocHOInT9ULiePMqsLC115GkarEU6hB7xtOu/qmjA4kDPIGnonEtQW4HZUGxG2BwVUMc2c4JlhG45HkUVRoVMrm5CCRqYRXAMU4DIAHGO6HWm4kJ1WbUjMWsHgi0llNfxEM5VqImZ/htT+r1UTr21f8Ao9FEnQP+ELut6nznD8eoz3XPpu8DHqnmD7VOAEvY8cwboxnZkMdlfTkb2lSh2VYyp/tBzD0Fl6UBpl1A80ZpOzXFmVnENNw2SOV1oJssp2c4NSoYh7qbh3m5coM8itUUDXe8Q+nVtOssi6G9jEgiRsfoUSHQFxUegMAShwQWNx7KYlx8kp7SdoxSJY0gEDvOcQGt1t4r5pju03tnOaxxnXMfzc8o2SGbnT4mhMV7maXtD2pa54acxi4Y2Lf3GVkMXxF9VxkgNn3Rp580O2m5wm0czui6GBblzOAM6DTzSGYDczUqAChOKTmgzN1a9xjkPvZduwNQMzgNa3YG1ueiqbQJbcd6JmdesJdj3D0kwGucjC4fzCD1kLQ8R4E2vTZXp6PaCY2do4HkQZCz/EaDizLpeZO952TDsfxx+FcadbvYd+sd4sd/MALwdCPDknAaktTuIsllPG064M59F3s3gljjAnRp2IPI6ead43hzQU4PDqOJZnova8H+WD5EbHoVfQwhy5KgkgQH7nlIO9tVhyMS1kUfMaGFTJYnAkNcIsQfLqkmBxLmBpNieS2XFqLyRTpMBe6RLjAAj1WX4vw2ph3BlRkEgOaQZB5wU7CdS0YtjvNRwrH5m2vNnN1DgdZHgmfD3jDVBXoyaJMVKe9OdXD+npt4aYfg+MylbXh+K7zTsbHr4qrbE1iUQGFGbDHYcOHt3HRoIbtzQ9Ot+JaQ8ZWgjTdSm4PZ7BoyNYB6ahsfDyQWJxrcNLIzTfkuyGDKG8GAgJXSPzDj6CC49lOnmYBMwSSbj0VNXg4ezOQ0lwn7K8r8ONf/AFc2XOJjWEG/j/s+5kPd7sg6xaUtsKMbImg2ygJuRzM7iWU2vIBgtkRsvaeMeSLAbSLym54P+epkcB3ja8axKZNOHxFmMvFu6PKSNFmboz4P3jGdQPjZHn6RLhuIua4EzIuFq28VzMBB1Flkq2Fq0nlj2iNjePI7pxg8OxrPaEVbflIsTzEbLMMD3Qg5E2Dc+qh/4l/T1USz+Mf0f/IUVfh8kHtt6io9ocY85i8Dwar6eNxL7F7vKy19DhtMasCPoYVg0aPRd/Qfc43cEzPZjA1W12PeXEXmeoIW9IQjABCLLrpGRaMtW1TmobhK+N8VZh6Ze83Jysbu5xBho9CT0BRz3XXyjt9xJ1XGtoM92g2T/e8An0aWj1WdzSkx2JdTATHdosfUrvfndJDrN2vvG56oPh2AJc0l0EXtsjqeHDnl7hJJOUbQLAnyGi1/ZngrsS+CSGNguy210aPFIOXSAqzaUA+R4EUYHh1SsSKTC8DwAA8TZaaj2ae5zA4sawRm7xn+0WiTYa7rV0sLkhjGtaxugi3nG99VXWcWEAA5SL9Dz6rGzC5YYmBcU4Q51N2VrSIsGnQaCAkGJ4b3gNBlaRtYtFitThqpZ/YefLmqMdRZUIcwiW6foVmc7WNjDRiDR4mZxHB7WuqsP2fDth4wtQGgiE14dhBFwmYrY0IL5NImbwHZUAyxzmkiA5pLXD/kNfArM1MPifbOpVHvcWuyzmMRsdeUHzX2NjABOwWI4u5rsQ54g6R5WT8tYwL3Ji8WQsTcu7PcGFMlzjmcYifvwVfbbCNdgnOdGam5rmnxOUieoPwC0fCcjmg2lZ3/AKmvDMOGD872iPCXH4gI0xkANB16nqfOHYY0y1ziIeCQdjESD6p9gOKtYAHuAHM6JdjXZqDWZR3e+12+nebHhdZZh786wUaJ3BZMY3xM+wcH7QszVXAEtOQtdpNiDE7SF1jcG/EH2jXABwsDslXAOHl4cWkAQ2Z81o6GMpNa1maSLW5rbi/IAeJQOgasfPn9IvbxhlNgYZlvdsLWSqtwl73F1ocSddiiMTwp2YvdZsybiwlNTiWOaWsdmdFgPBMBvmGX7fyx73zBamKY9uRhkkZb22jVc8JptwrHOcHunUg6DoNEmZgHMe01CWjNrIjmm/EuItLMjcrp1vKhNizLIr4ruDzKq2MD3hzKjzBmHiw9NvJPhjHNZnc0OI2Z3pSXAuYWS0ARqEj47xx1B4ZReM7veabtHjyJQAad5TAOQoHHuPv+4Xf+Ien7KLHf9y4r+n/7/wD0oqsxnaX0PuZ9b9pC7ZUdsPiqGNnWFY22i6U8/LG1U0JlqUlk7I6i+WrPmGwMZj5njnQJ5Svh7KpJqV3++9znHxeSQPIL7JxatkoVHcmOjxgwsP2d4Th8Q2Gue59MDM0yGydwQBMkEa7Ll9S5G1XOh01C2MyeCwTnmwJ8F9U7J4U0cK60PLnE23MAH0j0VGHwAZYNA2AAGvL0utDweWNf7QQJmTobX+XxWLBlLvR22P8AaO6hhp2+n94E7DA3MxBvJBv0VdXC2929zeZ6X57+SYPxtIky4c5gx02Q9fiVK8ZnZbkgQ0dSTt4KyMajYiLVmPgxLVwhDSMptyJ18d0LiOHVyPdiDIcXAeskWVeI7SVXVMlENYy8uAkmL6mYHlss27HOqPNRzyTJPecTDdNDpIF0ogEe5rCv5oTVMDwYcWE7lrmlNMBj2m06brFUq1N12yOot8OSNouA/OQeo/cJauyNtKfEGG81HH+ItbSLQ6Cd52/TZZahUc4hzhBIsOQ2CsrYL2lzVJi8ZdTsXHN8FnsVxs0HFrmZnbQYG/pdNOvK1jmLAVFoTe8NxrKbC97srWXK+d9qe0RxdcOAIpskMHzcepslPEOOVqpLHd1oPujQ/fVDspERe+48dluVSFpoKKNViNqNZz30mtH5gfIa/BI/wbg8nL3STBF7SU+wrvZtc4gh4blaCIOY7weQv6c1zgWEAQN0AfQDUay6prOzt8NlDwzOSevL6Kpr2UampfHKwB+qudRaBEXgJfiaF5C3J+UTMmTSSp4Mc4/PVYA0ZQbkON+iXcOxTKLnZ3S7S1wPNL3VqgEB7vVBZy0/ESiuEpFFTx9JoOK0n1iHNHdgRJjzhAYY0mtLC4Z3GJ2BmwlBfx2oQWk62mEA2uA4E3i8c1dQkel0k1XFRn2ixhw1OGOmo/lsNysD7czLiSTz1nnK0uKcaji95kn7ACBq4Fu4R6RFjKwNxT+KPP4lRHfw1qirTC77T9BMZ0XjhOyI6SVw8j/AW25yJW2mRc3XeHcZM73C6ZBXlRtxzCFxqFSA0blfE+GuxFM02nLmIDjrlF7xueiY8M4XSw7BTptEACTbM4gauIFyrsI4NZmPj9AERTvc6lYSi6vr/iaNRIrxKatA/lhDDBAmXku8dExc+ENWrZQZMc0jLixjc/6lqzcCeVKLBqAsX2hxpqO9jSgN1dtPUnkPmmfFOIOdLGTNsx5DlPms7jeIsoCJDqh2kfHkFys+fuNpQbTfgxlfk258RXxmKFLKPffInpbMfp5rIxL45+iYYzEvqOLnmSfgNgOir4dRDnunZvzP7JuMaFNzXfkzypVLIMkcvor8LSr1+9mysB942nwAuUt4hWL4aNTYdOco6tiiWhoMNAgAWEC10zTSg1vKuzG+BwxY45asg82kfVc1OFYYvc6q6o8nYQB4aT8UNwvPUOVjSeugHiSnL+zlUML87C4XyCb8xPPXZIGsMTchCf1GD8N4Fg6rw1lKo4kxd5jxMXtrqtZgeB4fDuJo0wHX7xlzvAFxJaOgVPZPCZKPtSIdU9zo3n/y18ITCs+8J2tgtsZjyEFiF4g2OwTKoy1GNd1Oo8DqEjf2dyEPDwWAyQ4QQPHQhaLMumvEQdOSAU3MgZl4mbqVQ542AbBEajclV1qEEhFYzCZHmDbY9D9wr8ZSs13MAfoU/pHYMVPmVmA0giJXsI1AQdTC7x5JyGc1W5oOq6BigZnKuEM2CGq0XROu2i0z8OCgXM+40UBl3M+9hH5T9Fw1x6x0Tarhj1sf8KinSIN5M9EYMq4Dl8VE2/DDkf8A1UV3Jc+rh1j8F6ZOsW5iyve0yAq67BELXOfK8NTNzM6wbbnpsrxUOkD9Vw1kNiNVUWn9FJIywzzkIgyCTHMG9virWYgRJ03SjO/Z0a6HTqhuEcVqOa8V2hr6byzMLB8AEODdrOE7X9Of1V4zqvaaMQ1Co6rPEE6NF5mBzSDG8SLvda4t5mBPhvHVE4xrqoBc8xMhrbSJtm1zHpp03QWIptM2JjWTouL1WUuKXj+ZuwoBuYlx+Le4ZWnJ1EEz8QsxV4I2S4PfmNyXDNP1W0OFZEQQJjUfD9lRi8NTYAXHLe0nXy3WfG7oNpsGniZBnDnAHvMPmQfQrrh2EcHOgAl2kOaT6SnGK4phmWkvcNmgAT1cfolOI7UVbimxtMG1gS6PHVPXuODtL0kwfEcCxBc5/s8oju5i1pJ6NJn/ACmPCezcw6s6Tbut08zuhuHYsl2d7i53Uz+wWkw/GhPu32RvlYDTBKnxHGFwIY0ANDWDSbecBXcUw0U4kDPladR3JGe+xLSQOpC6w9QZQ98220k+B1SntDiXFsuMHLJaPyt5dXEpd1vVnaoggs1TQYl4DiBAAsI0AiwjwSQYuXHkTqqOF8aGJY53uvb3ajTq03APgYPxQ+bKeVzz02+qblu4ONKsGN6dUHReVnmHOAkNElLqVYAHvXtCO4dUL21ARpld8TN0oP4lla3lvE6ADQYJiN9jfwKzHGuKPYQAzM0izidDyI2T5j87Sybt+I2S7GYLM2Cmrl8qJFUDZohdxCpAOXKOYvbmjcDiS4wdY8zv+vqhntFOxbHhofBX4aoM2YXMgxvoR5WKsZGuwd4w6SKqHVByN/FCvZ3hfwHzRtShPfB7pG9o6GUBi8WxlnVGTyBzH4LeM68iZRjYzs0hl/XdV1abOfnyQ/8AFKbzDajSfAjwVjw6xcw5Ru3vDe533TFzoTR2lNiYS6W/z/foouvbs5u9WLxPtPcXRn0YMP2YXmgLrnx/RQCbmwGv79Eo4xiwRDXHKLWJjqPj6pGXrqQkCj4gJ02pgL2neI4m9lyyeQGvqrcLxenVOUENeIsYB9d9Vnape9uRpsYvHPbyn5JfjsCGCJl0c9D5fVYcXW5k3Y2PrNjdJjYVwfpN9nbedOvx9VQ9rX9wEB4JIGmYGAfksBgeOvpuu4PYJGV9yOeU6/Rar2rajg4OMOiIsQT6aLpdzH1SFTtMb4WwMDDjSe1wsAB+XmbeniueIUG3e4lg3IEeN9FdicXVDTkOg1IBsLEybrNccxpcQajS6lMOdJOQnQkGzmkbi9jZcZsYW9NmbULMQTF/Fu11Kn3cOzO7d7jby5rNvruxPfJJqNJOXNJi0EDl4J5X7LteMzYgiQ4HukcwUK3sw9rgWnTQtdcfFErIBtsZqUqvBiekC5+Wp3SdHbEzADh9UeOB1A4CLc7rQHhVh+IY10D3rNd1J2PwKWnG4ZjoZWqNDZ90uc36iyjFz+UftchyqfM9w/A3MuXAAb6fFMcDgWgywOeeZs3138p8UD/FMPOZ1Rz4uM1vKHaboPH9sBGRgc7aG2HgXESfIeaUMeRzwZRb6zTu4kGd5xDnN30azbTn8VjeKcbdiKmRs5Gm5P5nC0noNvVL+JYusWFzraBjWyGtn8x5m2pRHZnhxdE6uPw5lOXCMalmNngQNrnWOxjsLWFZti4BzW/zEjvB3QEadQtFQ7UYWu0Zw9jouYJAPQt+oQ3/AFG4d/pYdrGguDnAEkC2USL7THoshw3A12S5ozAi7feB9NFp7alBZ3igbNze/wAUwYIOcvA2hxHh+yc8P47RqB7aRuGTERaQND4r51VplwByuad2xeVMBjTQqteJtZw5tPvD6+QWftDxGlARN26pkqMcfddY/Qnn+6YVmzslFdwfTBBkEAg8+RTbh2KzUWOPvElp8QkLsSItt6MoqcIzjvR0BQA7NuHux0hzvlotK1ki68FAMs2fn805bU2BFliRVzKChUY1zMQyaTrF1iByzEbdToYSLifZ8NMt93UEXkL6U2ts66A4lgBlzMAI/lPu6fDxRk3uu0ivRpp86wvCmiMzGk63uI2tpzTbAcQa2GtbzERAsdhyQHFKdQvuQItDdI+q9wmGdMGZH6KjbCyY6hHn4tn8g+C9S38K/kFEOk+5NKz6NW4o1zXNZ0GbTmXfABLGUc0OIOsCZgiRJM9emyBweLyARRl19XZRPp9wj6fHct3NZbYmI9YUL6qJ/iAE0Cl/memnAlvddtuL8huYS7inCXOIIadidbiOnJXV+2NMWhh0ENN79BouMX2le2xw7gdp09QELFfN/apal72H7zP43gx2ccw528EXwbGkAMeNDbkSNxGht8Fe/j1R1/YN87yh/wAT7RwD8Mf+BI84srTKUYEeITgsCGE2XsnPG7gfkRolHFcczDyNXu21DRNrJtwWvUazK5gbE5CSSY/LmEC8dUBX7P0y4vqB9R7jmJc7KCejWxbpdNYpz4iFZhsZjMbxV5JOdxnnp4dFOF8dhxa+38t/qtnX4bhiwh9Km1oGoHeno+xlIcN2QwzxLqlRp27zLdfduhrC+wFGM7jKN9xL34BmIYadUuOe9N8nNOuU7GwtOsevz3i/DH0XloMxoTuP16dFvO0fC3YbD5m1C8R3HNEOa8Q6mbG5kC9tEJwvHtxdM52j2zR/qNj3gLZ2jcG0jY+SYNWNbG9QVKk/rMThaNQ6X6ET5rQcM4Y5wBIb/wAW/qmfDsEwONoLTtv5LS4LAMYzaN0tsuqNYBYo/gjalB4AIMTBgmRcSmnZ/hWSm3m4fYTfD4dxa/K33mwAbAzv5BH4DCZGtDjJAj4RYKIpNeohnoGfNv8AqsGk4emXDute4jxLRPwK+fNwRBlp03bqPRbLt+Pa4t5LXNytDG5twJ7wB2JJvus1+AIu0wei2qaFAwFOwsSuhjarHAlzntBEtcSQRuL3FtwtBQwLa4z0jLD/AOzD/K/z33lJcBwuvVqBjCZ3JNmjmVq8H2eq0XZhig124yNgjkZdcJWYqPIBjlY+AZOGVnUj7KpOX8rjtrLSeU7p9gaoDS3M0EOLhmsDIAMHylLa9R0ZSWP6t7vwk/ZQdJ4Bh2dlt/d9dCsBtjYjTxc1lLFECQRG8GfWETS4jNiP3WAxOPqse00iIEza3QfNaTheKFamXsGVzfeaDI8WpgVlUExZCk1NFmB3XdKqAchFjKSYaqXDW4v9/eyKpViXN8QqDUdoDJM3jYGIfRI74Mt/qaRmETuBYjoYXVKlBsLxf731U7aYNzqzHsnMGC7diHOhE8M4gypArNLHiJc33Xcz/SfgtBQ/0yLkFbzj2h/ld6L1aD8LS/8AIP8A2aog0v6l91Yaez7yf9xrR0bJ8pQmO7HNqe/ULujiQPRsBa1x5odzxotZVV4AmQOzeZl/+1abG5cjANnRJPWTeU1q4em8AP7p5nQnodtN0XipIkOPUagoX2QJDZMOFp+IWbSrsVP7xupgAYBX4M9ru5Jbv3b+pRmBwjwQchHjCKxOAe0Swmw0zO+QXHCG1wHurGDIDGiYjUk3N0AwqjVRhnKSt2P8zuvVFNsuPe2E2HU9Upqvc+ZPoq8e8vqkm7WW8Xf4UY8FsgQP3WfISzV4jAukX5i3G4J8CKjtZvBSbitWtTIc0kt3G8brT1B9lK8VlLTn0uhGxjFb3KOEcT9vSqsqGWRmE7EcvMA+qRsgQ9hyuGhFj4T8EXiGeze9jQAHATb5eKs4RTaarZvFwOvNdHE5VbI2iMgBbaanhPBTVYHvYGEC5v3vL71T6lgWsAkTl5wVKLjlBdYbD9kDjuICcodbp+iBtCmwN4I1NtcPqcQa3fy380mxPGGEwTDbReJvp9lB4p86m0+vOf08EmxFIGS0SZ0ufMa8kgux2M0LhA3lvG4rMhxDonK43LCYgE/eqzuI4BWptLnMlovLSD4aaeKJZiMmaWRHXS8fJN8MC5ocJE9U1cpUVBy4/IhOAwTKFNrGe84Bzni0+HS+i7dgmm9ySfGeh+CmEwj3kERLbEW2uPmruIYtlBpdUcXH+Vg+BdoEkhna/csEKKBlNLheYnug3714jnfZc1uH0WGBVIn8o7wPm5ZXivaqq/usORvJuvmTqllLG1rw91+qLskDxCGppta+Boc3DyEekLvDUqTTLHielp0156LD/inkjM542mSY+i6qYiq24cHjwHrZMHdG1g/rBbGvozfmnDg9uhPeHKfpKtZDXSTAFwsZwnjji4NO+x/VailVBIt3t9VSYSzURUU70NjCX0TUcXRY2E2VtDhwAIcB0NjHkAPrqvaLnHYA7bj5Iug8xB18ZXVRABMTMZV/DhyHoFERB5hRMqDcd4nH0qfvPGbkLnwCTVe0dGT7+9gJKRv4O/NBfInU2tz6nVXN4GSQS6Z5D72WFsORvEcrKPMO/wC4KTvda835QPOdEx4YXvd7R7crG+6Cs7/BgxwLXua6NjE/Q+aJdh6xgOrPNjbYeiBekyBtR+0NsqkUJpMdx6nTBvmIRTqjixuaxIk9J28gspwzhM1W5jIzSQdTElaTGEkEbkK21KDqgfEkATMvcJeQLZjuTOxPwRNN2YaQAEL7MtMAQABb73VzKwBjbn9AuaDvc2sLG0oxTXB1tIuqHU2vBBGxlGVTLjBXPtYDrR9VK3lDiKcXhASHHdnyBQGHcG1WlsjUCbbiyd8VYcjMtje3ObwUK/hzhlcACW3gmAfRdJEL4qESGAezDTj3vdlJnLqBz21+7KluHquNwGmby4NS6hXrvqsZHs2ucM0akTu74WWlfwQETuszI42qP7qDiLamCdPfqMy8pn4qt34Ue88mNmkk/BU4zg5DogpfU4blO89PglFWBuFrB8y+pxbCsJDKD6jjoX6epv8ABe4LGPc4BlCRNgDAHIaQPNH4bhjGMY9zc7zcToPLmtFQY0sywPCEBazUjMALqZzHcOxNQQAyn1Y6T5nkszxXFY/D917S9kwQ4ZmOHK2y+i1MPkaSDf6eCEfj2OEPYTt+90ePIFPyECz4mVocMwtai2sxpZPdeyfcfyPQ6goF/D2Mu2TF4tK19KhTa4upxDhlqMGhHONiP1SXimFDX5mzH38ETkFtjtDxk8NE5wDXEQJ3/wAqt+Cc05g0a87FMqgBIcLHovXVzlIPh+yEaowtEv4PLUcBaCT63+q0OEruDQCDbRUYfBuc83m9ymlPCgW+9F1sK6lE5mRqMKwtYHxTWmz7+iRtpQeXgUdQxDhvotKrUSTca+zCiG/GdQoiqDHVbAggOJ92SBtpCHpMAFvimNVhISzEsyuBAkzcrGvUsG+XEf2gV25nL6AmSQeXNc1aBLbQNI/dEOfNjaFUX2Aiea2ggzNvOKDXMcHSLGfs/eqa1YcMzdD8Emzg6/4VlHFltm/HQpWXHrEJWowPG0HNJP3H6oVlKbi42J580wxvEWmz2kDm3vf4Q4xlAD3ibWF581xn6Zlap0FzArBn4dzjkb/hX/w2wL3WbytK6dxkaMpk9Shn0X1T/qHuzoLD0TE6Yt4uA2evpBmONR4j3G/La6cviJ+MLzD4drRDRF7dV7mvC6uDD21qZHfUblTacEOHObpriMSGtJ8wl/srN5byiGuBs7ZK6pGZbWFjYX8pSwh5zGBzHyVH4ZpMmLXRgoMJmQPgrWYdgGxXMpxs01WviUtwbXsgHQ/ug2Z2mxEDY/FHYXFUxVLA8S8GBN5HytK7xOAdOZpCU+KxqAjFeviYufiSbOCDqt7xyiRY9Cr6juZvoLKlzxodUAAPMZxF+KaQZbLSJv8ARUPxBe0tLQHcjcHw5I/EXGkEJNWaATmJnqiC7wgbEEpGlmIeXsOhBvcdQmIrUhApU8xnWIE85NyhKcFwLm+BK0uFwzMoIELfhwrk3mXNkZdoNgqBbcxLvrt80U9g6T81cGANgXjlsqqj7CRddJVCihMTNZk9lEadV5VbuNPvzUY9Wh1tNdEUG5RkHIen7KK7N0UUkubEkGyBxNPraZRBrDRL8RX71tBb91yXYGbFBg2OflfMwICBNUgGXRz8NfsqjtBi4c2D4pDQqOqPcHOOW4gbjZasD/GJZd5pcPjGkCDrz5c1614Elp5/FK6bBoQAQLWV9GrJtzg+S1K1xTCHUiCYgKw0GGTlk2VFO5nZHMAACKgYIuc0cMJVwa2AR/lVuN728NV3m0urlzprFS4weqtyAmfquXvAUklLgSOm86rqm0BsgzPmvAQZjZQt03H3dSSWDkYQ3sWlsR4q1z4POyGOLAbLrIWQHmQEiUfw5gdmAgjQgmQixxKowQ7vj4+u65Y+RIHpug8Q2TMxsUpsCEVUYrtBsbxek0E5XZibtj6pHV7QEHusPS6dYrChwm3JJcXwmxjVY26FRxNa9QfMsp8cY/33ZHbyiKzi8d24tcQQs9V4a47LvBNrU7MPdm42S26YjiGMwjTFYZ7YMJ/w54yC2h9EgpcUq6Fg+KYYCq7NBtOvin9OrI24iczBhHDyNQpVbJF5VdR+gPwVTnu5Qt8xy9jRr8/081Y1wVTGlQg6KSSyB9yoq4cvVJJojug36nwUUXGPM3DgzMcc99BcM97zXii0YeIpobjfeZ/ciqO/n8lFFsSIaH4TRFt18lFE6B5nu/r9FRh/eKiikuFt3VNRRRSSeMXo0UUUklL/AKJBxn3Xf2u+SiihkjXg3+zT/tC7q6HxUUVGWOYC76rzE6LxRDDgB1VNLfxUUQmHLWIun7yiiHzKMMbopVUUTokyypoFGaL1RSSRRRRSSf/Z','Potato Chips',3);
/*!40000 ALTER TABLE `menu_item` ENABLE KEYS */;
UNLOCK TABLES;

--
-- Table structure for table `menu_item_details`
--

DROP TABLE IF EXISTS `menu_item_details`;
/*!40101 SET @saved_cs_client     = @@character_set_client */;
/*!50503 SET character_set_client = utf8mb4 */;
CREATE TABLE `menu_item_details` (
  `menu_item_details_id` bigint(20) NOT NULL,
  `price` double DEFAULT NULL,
  `size` varchar(255) DEFAULT NULL,
  `menu_item_id` bigint(20) DEFAULT NULL,
  PRIMARY KEY (`menu_item_details_id`),
  KEY `FKc7rss8oawuvbgmwe8nqiot3xm` (`menu_item_id`),
  CONSTRAINT `FKc7rss8oawuvbgmwe8nqiot3xm` FOREIGN KEY (`menu_item_id`) REFERENCES `menu_item` (`menu_item_id`)
) ENGINE=InnoDB DEFAULT CHARSET=utf8mb4 COLLATE=utf8mb4_0900_ai_ci;
/*!40101 SET character_set_client = @saved_cs_client */;

--
-- Dumping data for table `menu_item_details`
--

LOCK TABLES `menu_item_details` WRITE;
/*!40000 ALTER TABLE `menu_item_details` DISABLE KEYS */;
INSERT INTO `menu_item_details` VALUES (1,3.99,'Regular',1),(2,4.99,'Large',1),(3,2.49,'Regular',2),(4,3.49,'Large',2),(5,1.99,'Regular',3),(6,2.99,'Large',3);
/*!40000 ALTER TABLE `menu_item_details` ENABLE KEYS */;
UNLOCK TABLES;

--
-- Table structure for table `order_coffee_shop`
--

DROP TABLE IF EXISTS `order_coffee_shop`;
/*!40101 SET @saved_cs_client     = @@character_set_client */;
/*!50503 SET character_set_client = utf8mb4 */;
CREATE TABLE `order_coffee_shop` (
  `order_id` bigint(20) NOT NULL,
  `date` datetime(6) DEFAULT NULL,
  `coffee_shop_id` bigint(20) DEFAULT NULL,
  `user_id` bigint(20) DEFAULT NULL,
  PRIMARY KEY (`order_id`),
  KEY `FKj63wks85tk683u4arhi35tj2k` (`coffee_shop_id`),
  KEY `FK9n3buic8fk7la4fhup2wbbsme` (`user_id`),
  CONSTRAINT `FK9n3buic8fk7la4fhup2wbbsme` FOREIGN KEY (`user_id`) REFERENCES `user` (`user_id`),
  CONSTRAINT `FKj63wks85tk683u4arhi35tj2k` FOREIGN KEY (`coffee_shop_id`) REFERENCES `coffee_shop` (`coffee_shop_id`)
) ENGINE=InnoDB DEFAULT CHARSET=utf8mb4 COLLATE=utf8mb4_0900_ai_ci;
/*!40101 SET character_set_client = @saved_cs_client */;

--
-- Dumping data for table `order_coffee_shop`
--

LOCK TABLES `order_coffee_shop` WRITE;
/*!40000 ALTER TABLE `order_coffee_shop` DISABLE KEYS */;
INSERT INTO `order_coffee_shop` VALUES (1,'2023-07-08 10:00:00.000000',1,1),(2,'2023-07-08 11:30:00.000000',2,2),(3,'2023-07-08 13:00:00.000000',3,3);
/*!40000 ALTER TABLE `order_coffee_shop` ENABLE KEYS */;
UNLOCK TABLES;

--
-- Table structure for table `order_details`
--

DROP TABLE IF EXISTS `order_details`;
/*!40101 SET @saved_cs_client     = @@character_set_client */;
/*!50503 SET character_set_client = utf8mb4 */;
CREATE TABLE `order_details` (
  `order_details_id` bigint(20) NOT NULL,
  `quantity` int(11) DEFAULT NULL,
  `menu_item_id` bigint(20) DEFAULT NULL,
  `order_id` bigint(20) DEFAULT NULL,
  PRIMARY KEY (`order_details_id`),
  KEY `FKb03uybuc063vakfp6nr8sqh8l` (`menu_item_id`),
  KEY `FKemhqq7v0wy2ea7ee7i4a8r7cr` (`order_id`),
  CONSTRAINT `FKb03uybuc063vakfp6nr8sqh8l` FOREIGN KEY (`menu_item_id`) REFERENCES `menu_item` (`menu_item_id`),
  CONSTRAINT `FKemhqq7v0wy2ea7ee7i4a8r7cr` FOREIGN KEY (`order_id`) REFERENCES `order_coffee_shop` (`order_id`)
) ENGINE=InnoDB DEFAULT CHARSET=utf8mb4 COLLATE=utf8mb4_0900_ai_ci;
/*!40101 SET character_set_client = @saved_cs_client */;

--
-- Dumping data for table `order_details`
--

LOCK TABLES `order_details` WRITE;
/*!40000 ALTER TABLE `order_details` DISABLE KEYS */;
INSERT INTO `order_details` VALUES (1,2,1,1),(2,1,3,1),(3,3,2,2),(4,2,2,3);
/*!40000 ALTER TABLE `order_details` ENABLE KEYS */;
UNLOCK TABLES;

--
-- Table structure for table `phone_number`
--

DROP TABLE IF EXISTS `phone_number`;
/*!40101 SET @saved_cs_client     = @@character_set_client */;
/*!50503 SET character_set_client = utf8mb4 */;
CREATE TABLE `phone_number` (
  `phone_number_id` bigint(20) NOT NULL,
  `phone_number` int(11) NOT NULL,
  `coffee_shop_id` bigint(20) DEFAULT NULL,
  `user_id` bigint(20) DEFAULT NULL,
  PRIMARY KEY (`phone_number_id`),
  KEY `FKqkmqa09r92arbnlsykk4o5bmn` (`coffee_shop_id`),
  KEY `FKb609grkur7fch5if2c0nrcujh` (`user_id`),
  CONSTRAINT `FKb609grkur7fch5if2c0nrcujh` FOREIGN KEY (`user_id`) REFERENCES `user` (`user_id`),
  CONSTRAINT `FKqkmqa09r92arbnlsykk4o5bmn` FOREIGN KEY (`coffee_shop_id`) REFERENCES `coffee_shop` (`coffee_shop_id`)
) ENGINE=InnoDB DEFAULT CHARSET=utf8mb4 COLLATE=utf8mb4_0900_ai_ci;
/*!40101 SET character_set_client = @saved_cs_client */;

--
-- Dumping data for table `phone_number`
--

LOCK TABLES `phone_number` WRITE;
/*!40000 ALTER TABLE `phone_number` DISABLE KEYS */;
INSERT INTO `phone_number` VALUES (1,1234567890,1,1),(2,1234567890,2,2),(3,1234567890,3,3);
/*!40000 ALTER TABLE `phone_number` ENABLE KEYS */;
UNLOCK TABLES;

--
-- Table structure for table `role`
--

DROP TABLE IF EXISTS `role`;
/*!40101 SET @saved_cs_client     = @@character_set_client */;
/*!50503 SET character_set_client = utf8mb4 */;
CREATE TABLE `role` (
  `role` varchar(255) NOT NULL,
  PRIMARY KEY (`role`)
) ENGINE=InnoDB DEFAULT CHARSET=utf8mb4 COLLATE=utf8mb4_0900_ai_ci;
/*!40101 SET character_set_client = @saved_cs_client */;

--
-- Dumping data for table `role`
--

LOCK TABLES `role` WRITE;
/*!40000 ALTER TABLE `role` DISABLE KEYS */;
INSERT INTO `role` VALUES ('Admin'),('User');
/*!40000 ALTER TABLE `role` ENABLE KEYS */;
UNLOCK TABLES;

--
-- Table structure for table `user`
--

DROP TABLE IF EXISTS `user`;
/*!40101 SET @saved_cs_client     = @@character_set_client */;
/*!50503 SET character_set_client = utf8mb4 */;
CREATE TABLE `user` (
  `user_id` bigint(20) NOT NULL,
  `cni` varchar(255) DEFAULT NULL,
  `address` varchar(255) DEFAULT NULL,
  `first_name` varchar(255) DEFAULT NULL,
  `identity_image` varchar(255) DEFAULT NULL,
  `image` varchar(255) DEFAULT NULL,
  `last_name` varchar(255) DEFAULT NULL,
  `city_id` bigint(20) DEFAULT NULL,
  PRIMARY KEY (`user_id`),
  KEY `FK29eqyw0gxw5r4f1ommy11nd9i` (`city_id`),
  CONSTRAINT `FK29eqyw0gxw5r4f1ommy11nd9i` FOREIGN KEY (`city_id`) REFERENCES `city` (`city_id`)
) ENGINE=InnoDB DEFAULT CHARSET=utf8mb4 COLLATE=utf8mb4_0900_ai_ci;
/*!40101 SET character_set_client = @saved_cs_client */;

--
-- Dumping data for table `user`
--

LOCK TABLES `user` WRITE;
/*!40000 ALTER TABLE `user` DISABLE KEYS */;
INSERT INTO `user` VALUES (1,'123456789','123 Street','John','identity1.png','user1.png','Doe',1),(2,'987654321','456 Road','Jane','identity2.png','user2.png','Smith',2),(3,'456123789','789 Avenue','Robert','identity3.png','user3.png','Johnson',3);
/*!40000 ALTER TABLE `user` ENABLE KEYS */;
UNLOCK TABLES;

--
-- Table structure for table `user_role`
--

DROP TABLE IF EXISTS `user_role`;
/*!40101 SET @saved_cs_client     = @@character_set_client */;
/*!50503 SET character_set_client = utf8mb4 */;
CREATE TABLE `user_role` (
  `id_user` bigint(20) NOT NULL,
  `role_name` varchar(255) NOT NULL,
  PRIMARY KEY (`id_user`,`role_name`),
  KEY `FKn6r4465stkbdy93a9p8cw7u24` (`role_name`),
  CONSTRAINT `FKfhxaael2m459kbk8lv8smr5iv` FOREIGN KEY (`id_user`) REFERENCES `user` (`user_id`),
  CONSTRAINT `FKn6r4465stkbdy93a9p8cw7u24` FOREIGN KEY (`role_name`) REFERENCES `role` (`role`)
) ENGINE=InnoDB DEFAULT CHARSET=utf8mb4 COLLATE=utf8mb4_0900_ai_ci;
/*!40101 SET character_set_client = @saved_cs_client */;

--
-- Dumping data for table `user_role`
--

LOCK TABLES `user_role` WRITE;
/*!40000 ALTER TABLE `user_role` DISABLE KEYS */;
/*!40000 ALTER TABLE `user_role` ENABLE KEYS */;
UNLOCK TABLES;
/*!40103 SET TIME_ZONE=@OLD_TIME_ZONE */;

/*!40101 SET SQL_MODE=@OLD_SQL_MODE */;
/*!40014 SET FOREIGN_KEY_CHECKS=@OLD_FOREIGN_KEY_CHECKS */;
/*!40014 SET UNIQUE_CHECKS=@OLD_UNIQUE_CHECKS */;
/*!40101 SET CHARACTER_SET_CLIENT=@OLD_CHARACTER_SET_CLIENT */;
/*!40101 SET CHARACTER_SET_RESULTS=@OLD_CHARACTER_SET_RESULTS */;
/*!40101 SET COLLATION_CONNECTION=@OLD_COLLATION_CONNECTION */;
/*!40111 SET SQL_NOTES=@OLD_SQL_NOTES */;

-- Dump completed on 2023-07-19 10:57:42
